Date,Open,High,Low,Close,Volume,Dividends,Stock Splits
2010-01-04 00:00:00,26.0480576635437,26.537162115877,25.9951829375575,26.1802482604981,1964100,0,0
2010-01-05 00:00:00,26.2793852194635,26.7618812013099,26.193463487968,26.4314060211182,2116000,0,0
2010-01-06 00:00:00,26.1273695621698,26.3388734970203,25.8563799880598,26.0546646118164,1612100,0,0
2010-01-07 00:00:00,26.0744922231645,26.0744922231645,25.5192938195517,25.6250457763672,1671500,0,0
2010-01-08 00:00:00,25.6316562415047,25.8695987938957,25.3144003454254,25.7506275177002,2004200,0,0
2010-01-11 00:00:00,25.962135247379,26.1075451665232,25.7308035772187,25.7572422027588,1658300,0,0
2010-01-12 00:00:00,25.6580983975969,25.6977563355669,25.1491662062829,25.2813568115234,2345700,0,0
2010-01-13 00:00:00,25.2879684130877,25.6448823360872,25.2879684130877,25.5589580535889,1633800,0,0
2010-01-14 00:00:00,25.4928542129094,25.5853868563743,25.3804938662235,25.5192928314209,1569900,0,0
2010-01-15 00:00:00,26.1802459411578,26.1802459411578,25.4994678309439,25.5721702575684,1797800,0,0
2010-01-19 00:00:00,25.5391211886576,25.7440167053809,25.5192934849289,25.6647033691406,1841900,0,0
2010-01-20 00:00:00,25.4994681757993,25.803504761043,25.4003246051945,25.7506275177002,1796700,0,0
2010-01-21 00:00:00,25.9026431132738,25.9026431132738,25.2086457552781,25.4003219604492,1402400,0,0
2010-01-22 00:00:00,25.3871031134202,26.0216148510697,24.5873537865084,24.6864948272705,1550500,0,0
2010-01-25 00:00:00,24.911221633645,25.4796394259013,24.7724226438129,25.1491641998291,1614900,0,0
2010-01-26 00:00:00,25.0566306318531,25.1028969601204,24.7261554177578,24.7459831237793,1309900,0,0
2010-01-27 00:00:00,24.640234014969,25.2879652071887,24.4617770760932,25.2813568115234,1761800,0,0
2010-01-28 00:00:00,24.5873579996069,24.7327653885723,23.8008253262955,24.5675277709961,5190300,0,0
2010-01-29 00:00:00,24.59396326978,24.7856394869304,24.256879682141,24.415506362915,2703900,0,0
2010-02-01 00:00:00,24.5410923654587,24.7459854034244,24.3295884106597,24.6336250305176,1996300,0,0
2010-02-02 00:00:00,24.8054702244357,24.8054702244357,24.3626346216973,24.6534519195557,1954700,0,0
2010-02-03 00:00:00,24.4287265551731,24.7129354332571,24.1841756093774,24.3163661956787,1187200,0,0
2010-02-04 00:00:00,24.1313028798637,24.1313028798637,23.3249449431225,23.523229598999,2957800,0,0
2010-02-05 00:00:00,23.4373039630035,23.5893222743944,22.5516301982677,23.3183326721191,3987700,0,0
2010-02-08 00:00:00,23.3712077144517,23.9330145739752,23.1200458439388,23.5694923400879,1875600,0,0
2010-02-09 00:00:00,23.880142458084,24.1180850433606,23.4901815591755,23.7082939147949,2194800,0,0
2010-02-10 00:00:00,23.6950733950321,23.8140446816096,23.3051125159894,23.7743892669678,1457900,0,0
2010-02-11 00:00:00,23.6554159439562,24.5080425839194,23.4637397186016,24.4419460296631,1582400,0,0
2010-02-12 00:00:00,24.1048610803869,24.6864955973806,24.0453754455438,24.6732788085938,1582300,0,0
2010-02-16 00:00:00,24.7856454989133,25.1161207722321,24.7525984758467,25.1029014587402,1072800,0,0
2010-02-17 00:00:00,25.0962975281718,25.5787912105108,25.0235925516927,25.3805065155029,1441100,0,0
2010-02-18 00:00:00,25.4135447453857,25.5126857979002,25.2549155315064,25.4399833679199,1098300,0,0
2010-02-19 00:00:00,25.4664237737342,25.7968990472945,25.3738911005495,25.5259094238281,1238400,0,0
2010-02-22 00:00:00,25.4862495828944,25.4928579778356,25.1161164330459,25.3077926635742,886900,0,0
2010-02-23 00:00:00,25.2549260877125,25.2549260877125,24.3229856851138,24.5609283447266,1366000,0,0
2010-02-24 00:00:00,24.5477048963464,25.0566371612323,24.4089058753756,25.0169792175293,2476600,0,0
2010-02-25 00:00:00,24.7393811755878,25.1161228161235,24.5080494739699,25.0169792175293,1341500,0,0
2010-02-26 00:00:00,25.0169737916597,25.1028980570504,24.7592035168136,24.9839267730713,1128700,0,0
2010-03-01 00:00:00,24.9905393231898,25.4003279273909,24.9905393231898,25.228479385376,955400,0,0
2010-03-02 00:00:00,25.2483062092485,25.5523427932479,25.2483062092485,25.3276195526123,1100400,0,0
2010-03-03 00:00:00,25.4135430698448,25.8167232122687,25.2086475407026,25.4862480163574,1234800,0,0
2010-03-04 00:00:00,25.5655649611939,25.7704605192188,25.4532020676558,25.7241916656494,1060100,0,0
2010-03-05 00:00:00,25.8233375183676,26.0877187441499,25.7374132417894,26.0414524078369,1358800,0,0
2010-03-08 00:00:00,25.3276180628299,25.8497694620238,25.2615240341353,25.4267616271973,2223200,0,0
2010-03-09 00:00:00,25.2615311955623,26.2265184074916,25.2615311955623,25.9687480926514,2214900,0,0
2010-03-10 00:00:00,26.0414545783661,26.1934729133974,25.8828253254099,26.0811100006104,1576300,0,0
2010-03-11 00:00:00,26.0414483437988,26.1273700856418,25.8960384401786,26.0678844451904,867600,0,0
2010-03-12 00:00:00,26.312427269353,26.312427269353,25.8960279547948,25.962121963501,1273400,0,0
2010-03-15 00:00:00,25.9951877268153,26.120767430329,25.3937202737946,25.6448822021484,1766600,0,0
2010-03-16 00:00:00,25.6514885437928,26.4115800683982,25.6514885437928,26.3058280944824,2724100,0,0
2010-03-17 00:00:00,26.2066776436547,26.3388656726735,25.8101059926232,25.8431529998779,3049500,0,0
2010-03-18 00:00:00,25.7968929860126,25.8431593117341,25.3540574337278,25.4862480163574,2446200,0,0
2010-03-19 00:00:00,25.3738861083984,25.7770662662311,25.3738861083984,25.3738861083984,1883500,0,0
2010-03-22 00:00:00,25.2350920907725,25.6382723279283,25.0434158269892,25.5259094238281,1795500,0,0
2010-03-23 00:00:00,25.5787740687178,25.7770586308439,25.4796305269923,25.5853824615479,1892000,0,0
2010-03-24 00:00:00,25.5259115549948,25.8101205156915,25.327626878569,25.3606739044189,1734500,0,0
2010-03-25 00:00:00,25.4399811908304,25.598607869809,24.3097541268111,24.3758506774902,4050500,0,0
2010-03-26 00:00:00,24.5080441531805,24.7129371811801,24.0982530545296,24.4816055297852,2782200,0,0
2010-03-29 00:00:00,24.6336220209628,25.2945724292913,24.5476977619089,24.9046115875244,2379500,0,0
2010-03-30 00:00:00,24.8649513295148,25.4531967344914,24.8451236259438,25.321008682251,2079000,0,0
2010-03-31 00:00:00,25.3210104050063,25.5986083591886,25.175600512058,25.2681331634521,1226400,0,0
2010-04-01 00:00:00,25.3871125336294,25.7704650932022,25.1425615167485,25.3606739044189,1421500,0,0
2010-04-05 00:00:00,25.40693048495,25.618434394733,25.3540557681669,25.5325126647949,1484900,0,0
2010-04-06 00:00:00,25.3871076329733,25.4333739644973,24.7592041777283,24.8385200500488,2761600,0,0
2010-04-07 00:00:00,24.7658101718954,24.8252958036493,24.4287240848481,24.6005725860596,3605300,0,0
2010-04-08 00:00:00,24.5675333408118,24.91122796585,24.4353452338426,24.8649616241455,2592700,0,0
2010-04-09 00:00:00,24.9508804670644,25.0500240469871,24.62040522909,24.8319091796875,1438400,0,0
2010-04-12 00:00:00,24.8517431321441,25.1095160004537,24.6732886775609,24.8451347351074,1207400,0,0
2010-04-13 00:00:00,24.7856482556987,25.0962958539946,24.2502773456981,24.8649616241455,3917200,0,0
2010-04-14 00:00:00,24.924438182585,24.924438182585,24.4353363141534,24.6666679382324,2545100,0,0
2010-04-15 00:00:00,24.5477043434966,24.8715712397941,24.4353439541916,24.7988662719727,1677200,0,0
2010-04-16 00:00:00,24.6468425922273,24.8319079092,24.3692420954423,24.7592029571533,2873300,0,0
2010-04-19 00:00:00,24.6798887503485,24.98392533802,24.3890714736182,24.7856407165527,3184600,0,0
2010-04-20 00:00:00,25.010363883268,25.4862489903919,24.8781732955863,25.3738861083984,2341900,0,0
2010-04-21 00:00:00,25.3738919144734,25.4994741361034,25.1557795380168,25.2945785522461,1516600,0,0
2010-04-22 00:00:00,25.1954295980804,25.3210117929926,24.9508786458014,25.2549152374268,1593800,0,0
2010-04-23 00:00:00,25.1888269941862,25.5126913662759,25.0698556881416,25.3871116638184,2672800,0,0
2010-04-26 00:00:00,25.3011842971127,25.6382704635748,25.1954323181164,25.2350902557373,1121300,0,0
2010-04-27 00:00:00,25.1888176667775,25.3672745597618,24.9112172150266,24.9310474395752,2005600,0,0
2010-04-28 00:00:00,25.1822163004954,25.3210178396666,24.633628625588,24.7988662719727,3244200,0,0
2010-04-29 00:00:00,25.5920012533647,25.7770665654721,25.0169725684727,25.3408393859863,2361100,0,0
2010-04-30 00:00:00,25.2879688628502,25.4994753746063,24.9905431097204,25.0169792175293,1619800,0,0
2010-05-03 00:00:00,25.0500279775763,25.4003309779707,24.997150720967,25.3871116638184,1730700,0,0
2010-05-04 00:00:00,25.0764643076623,25.1623885897537,24.6997226756113,24.7988662719727,1350100,0,0
2010-05-05 00:00:00,24.5741413352732,24.8781779792523,24.2568853779047,24.6270160675049,1375200,0,0
2010-05-06 00:00:00,24.5344778696582,25.1161149211723,23.3579869775433,24.170955657959,3539600,0,0
2010-05-07 00:00:00,23.9396182310402,24.3494066692717,23.2257907696128,23.6620178222656,3312100,0,0
2010-05-10 00:00:00,24.3361932647412,24.6931070820235,24.0916423253407,24.6798877716064,2631900,0,0
2010-05-11 00:00:00,24.6798928167713,24.7592061741612,24.2238378601213,24.32958984375,1436700,0,0
2010-05-12 00:00:00,24.402284914903,24.957483291626,24.342801805818,24.957483291626,1150500,0,0
2010-05-13 00:00:00,24.8913993086392,25.003762220887,24.5080492746013,24.5477046966553,1244100,0,0
2010-05-14 00:00:00,24.428730064828,24.5410929617913,23.9726751239593,24.1379127502441,1079300,0,0
2010-05-17 00:00:00,24.2304502425425,24.4419542445976,23.7347372649771,24.2370586395264,1224400,0,0
2010-05-18 00:00:00,24.5146594275817,24.5344871400293,23.7413458648803,23.8669281005859,2085400,0,0
2010-05-19 00:00:00,23.7016853965203,23.8669230219603,23.2654581662118,23.7942180633545,2579100,0,0
2010-05-20 00:00:00,23.1663119663331,23.4901787850058,22.7565234074892,23.0142936706543,3795700,0,0
2010-05-21 00:00:00,22.6573834288089,23.8272661729396,22.6375557196745,23.8140468597412,2645400,0,0
2010-05-24 00:00:00,23.7281289268382,23.9858992723992,23.6025466918945,23.6025466918945,1863000,0,0
2010-05-25 00:00:00,22.9415931113732,24.0519902431774,22.9415931113732,24.0123348236084,3686700,0,0
2010-05-26 00:00:00,24.1246958616329,24.4551711474087,23.8603146244817,23.9396305084229,1708300,0,0
2010-05-27 00:00:00,24.3229770106479,24.8319091796875,24.0916453525962,24.8319091796875,1337500,0,0
2010-05-28 00:00:00,24.7525970919293,25.0830723467713,24.3229782521043,24.4749965667725,907400,0,0
2010-06-01 00:00:00,24.2899234911168,24.7658085132771,23.7545528411865,23.7545528411865,1638700,0,0
2010-06-02 00:00:00,23.9858909266286,24.4022878685778,23.7809953923416,24.3956794738769,2179500,0,0
2010-06-03 00:00:00,24.4816109311087,24.9839322798177,24.3494203062927,24.9376659393311,2744800,0,0
2010-06-04 00:00:00,24.395688110243,24.8120877209284,23.8537087851787,23.8669281005859,1615800,0,0
2010-06-07 00:00:00,23.8867497565891,24.2701022422212,23.6554180989324,23.6884651184082,1513800,0,0
2010-06-08 00:00:00,23.6818563912646,23.8603107981991,23.2191905611071,23.5100078582764,3300400,0,0
2010-06-09 00:00:00,23.7281199257149,24.1973940958391,23.5364437081738,23.8272609710693,3421200,0,0
2010-06-10 00:00:00,24.2040005583805,25.0698464047879,24.1973921644146,24.9310474395752,2754200,0,0
2010-06-11 00:00:00,24.7724226462078,25.8696002960205,24.6798899863108,25.8696002960205,2005000,0,0
2010-06-14 00:00:00,25.9356973768736,26.4314102260228,25.7638488438926,25.8828201293945,2566800,0,0
2010-06-15 00:00:00,25.8629923862703,26.2000760138395,25.7241908724939,26.1736373901367,1621400,0,0
2010-06-16 00:00:00,25.9951764486162,26.2595550552045,25.9356908209019,26.2000694274902,938500,0,0
2010-06-17 00:00:00,26.1802487498026,26.2066873739528,25.8365541998281,25.9819641113281,1156900,0,0
2010-06-18 00:00:00,25.9819663655694,26.0546688063012,25.7440237702254,25.9423084259033,3836600,0,0
2010-06-21 00:00:00,26.1405888928923,26.4380170894133,25.7241894177628,25.7638473510742,3706100,0,0
2010-06-22 00:00:00,25.8960442657528,26.0745012272526,25.4928640032525,25.5589580535889,2449000,0,0
2010-06-23 00:00:00,25.5325113125177,26.0877096766247,25.4862449922859,25.8365478515625,2026400,0,0
2010-06-24 00:00:00,25.7638528506365,25.8233385026385,25.2483122141697,25.2945785522461,1520100,0,0
2010-06-25 00:00:00,25.2284703383414,25.6118227012675,25.1755956283699,25.5457286834717,4009800,0,0
2010-06-28 00:00:00,25.539126336676,26.0678862204043,25.5060793166916,25.7241916656494,2781600,0,0
2010-06-29 00:00:00,25.2615250050627,25.4465903095809,24.8847834801075,25.0235824584961,2180900,0,0
2010-06-30 00:00:00,24.9971492784313,25.1491676004209,24.5477027084943,24.6270160675049,2293900,0,0
2010-07-01 00:00:00,24.5873554017854,24.8517340491784,23.9264050013144,24.4287261962891,2003200,0,0
2010-07-02 00:00:00,24.4882146854035,24.6931102410916,24.1709587587847,24.32297706604,1024200,0,0
2010-07-06 00:00:00,24.7063303084362,24.9905392241353,24.2238367477048,24.3824634552002,1752300,0,0
2010-07-07 00:00:00,24.4089005813896,25.0500233315741,24.4089005813896,24.9839267730713,2339900,0,0
2010-07-08 00:00:00,25.1161205745182,25.552347831012,25.0434156115481,25.479642868042,3682000,0,0
2010-07-09 00:00:00,25.4532035628681,25.6779268418194,25.0764619659976,25.1293392181396,3027000,0,0
2010-07-12 00:00:00,24.997145519733,25.0632395554159,24.6005762629841,24.7592029571533,1029400,0,0
2010-07-13 00:00:00,24.9905335089989,25.3606640893929,24.9640948900206,25.321008682251,1802900,0,0
2010-07-14 00:00:00,25.2218711652315,25.4399860420773,24.9574899547505,25.2813568115234,1587800,0,0
2010-07-15 00:00:00,25.2284743065949,25.3077901660158,24.8517327989849,25.0830669403076,1082100,0,0
2010-07-16 00:00:00,24.8847838971399,24.9971442563873,24.0255463487329,24.1048622131348,1517900,0,0
2010-07-19 00:00:00,24.2370516708856,24.2767096053659,23.8008244769052,24.0916442871094,1471700,0,0
2010-07-20 00:00:00,24.3890657227693,25.5457286834717,24.2700944736767,25.5457286834717,4149600,0,0
2010-07-21 00:00:00,25.6977501199689,25.7506248364805,25.0566274784848,25.4003219604492,1609600,0,0
2010-07-22 00:00:00,25.7572423269557,25.8629943082997,25.413547757256,25.6713180541992,1012500,0,0
2010-07-23 00:00:00,25.5391276567227,26.1472034454346,25.2350910230299,26.1472034454346,1555100,0,0
2010-07-26 00:00:00,26.2265140986038,26.2265140986038,25.8299448365158,25.8762111663818,1834200,0,0
2010-07-27 00:00:00,25.8960412048549,26.0612788324912,25.4267669474863,25.7572422027588,2248300,0,0
2010-07-28 00:00:00,25.61182711419,26.0811012768415,25.61182711419,25.7704563140869,1727100,0,0
2010-07-29 00:00:00,25.5126842765982,25.9489114370971,25.1425536684934,25.902645111084,2988100,0,0
2010-07-30 00:00:00,25.8960405563967,26.2595628238282,25.4862519560916,26.1141529083252,3390900,0,0
2010-08-02 00:00:00,26.418184865272,27.0526965617828,26.2727749893245,27.0130386352539,2420900,0,0
2010-08-03 00:00:00,26.9271251578968,27.1187988915188,26.7817152374084,26.9403419494629,1687800,0,0
2010-08-04 00:00:00,27.0064352799994,27.1782812843682,26.847806065614,27.0923595428467,2760800,0,0
2010-08-05 00:00:00,27.0262648616425,27.2509881268418,26.9601708218357,27.1650638580322,2072700,0,0
2010-08-06 00:00:00,26.7949295043945,27.3897833445678,26.5966448910035,26.7949295043945,1717800,0,0
2010-08-09 00:00:00,26.9998291526701,27.0394870936321,26.6891841064434,26.768497467041,2147400,0,0
2010-08-10 00:00:00,26.4314082536302,26.7618834617353,26.1736354733946,26.6825675964356,1970600,0,0
2010-08-11 00:00:00,26.1207581452876,26.1868521717845,25.6647033112774,25.7440166473389,1166600,0,0
2010-08-12 00:00:00,25.2549226238508,25.8365598763151,25.2549226238508,25.6316642761231,1493400,0,0
2010-08-13 00:00:00,25.5787871155434,25.8828237673033,25.5060821507037,25.6184425354004,951100,0,0
2010-08-16 00:00:00,25.5060735743615,26.0480526483299,25.5060735743615,26.0282249450684,989100,0,0
2010-08-17 00:00:00,26.2727785386144,26.4842824660243,26.206684506796,26.3785305023193,2788900,0,0
2010-08-18 00:00:00,26.3058293850628,27.1254091141138,26.1472026770698,27.0196571350098,4497000,0,0
2010-08-19 00:00:00,26.8676308627582,27.0064298214627,26.6230774349546,26.8411922454834,1749600,0,0
2010-08-20 00:00:00,26.6429133840492,26.8544173250481,26.4512371496046,26.834587097168,1592700,0,0
2010-08-23 00:00:00,26.8940717611352,27.1518445436062,26.8808524501373,26.9469490051269,3275600,0,0
2010-08-24 00:00:00,26.7222301707393,26.8279821548491,26.4710682629814,26.6627445220947,2175000,0,0
2010-08-25 00:00:00,26.5702110753769,27.1055793762207,26.5239447412626,27.1055793762207,4331600,0,0
2010-08-26 00:00:00,27.1320234190663,27.4558903438564,26.6495297517344,26.7222347259521,1714600,0,0
2010-08-27 00:00:00,26.9337221766854,27.277416602726,26.5569807430365,27.1584453582764,1335700,0,0
2010-08-30 00:00:00,27.0130484663241,27.330304430041,26.755278153387,26.768497467041,1115200,0,0
2010-08-31 00:00:00,26.7090094443324,27.2245500244233,26.5900381533382,27.1782836914063,1977700,0,0
2010-09-01 00:00:00,27.4426602855561,27.5682399510188,26.9667752015701,27.1187934875488,2226600,0,0
2010-09-02 00:00:00,27.1386262140041,27.297252909064,26.8940727336875,27.0527019500732,1754500,0,0
2010-09-03 00:00:00,27.3501325552991,27.8656731414781,27.2311612629,27.7863597869873,1660900,0,0
2010-09-07 00:00:00,27.7400999157008,28.0970113547175,27.5352043040977,28.050745010376,1463500,0,0
2010-09-08 00:00:00,27.1782749593888,28.3679849657669,27.1782749593888,28.1234340667725,2292400,0,0
2010-09-09 00:00:00,28.3019045265434,28.434095150978,27.7400975243544,27.8260192871094,1359300,0,0
2010-09-10 00:00:00,27.9119500337729,28.0837986417247,27.746712345303,28.0243129730225,644400,0,0
2010-09-13 00:00:00,28.3283386439191,28.3746049769035,27.8921114176901,28.1102237701416,699500,0,0
2010-09-14 00:00:00,27.9780265806812,28.1300448426202,27.7929587876607,27.9185409545898,582000,0,0
2010-09-15 00:00:00,27.8656755843117,28.3151221680366,27.720265653893,28.2225894927979,995900,0,0
2010-09-16 00:00:00,28.2027604945812,28.222590726804,27.4757158533508,27.5219821929932,1207200,0,0
2010-09-17 00:00:00,27.6806104389143,27.8061901389078,27.442667831494,27.6343441009521,1716900,0,0
2010-09-20 00:00:00,27.7731353400485,28.0903912206878,27.7466967196638,28.0110778808594,1246400,0,0
2010-09-21 00:00:00,28.0309006287178,28.539832635162,27.8193967456924,28.4406890869141,2483500,0,0
2010-09-22 00:00:00,28.3944245884972,28.572881473977,28.1432652871482,28.2291870117188,1143200,0,0
2010-09-23 00:00:00,28.0837843316892,28.3613822966321,27.8854971895005,28.1300506591797,1358600,0,0
2010-09-24 00:00:00,28.3878230219653,28.8438779358762,27.944984898609,28.6852512359619,2197000,0,0
2010-09-27 00:00:00,28.6059350317913,28.7381256277321,28.4539167289234,28.5067939758301,1261300,0,0
2010-09-28 00:00:00,28.5662780338561,28.995894295183,28.3349438734562,28.9760665893555,1192200,0,0
2010-09-29 00:00:00,28.8835331933116,29.2140083957034,28.7447342134252,29.1346950531006,2179200,0,0
2010-09-30 00:00:00,29.3462068839763,29.3858623052943,29.1082642707632,29.1809692382813,2552700,0,0
2010-10-01 00:00:00,28.4076528751329,29.3792509404777,28.4076528751329,29.1545276641846,2670800,0,0
2010-10-04 00:00:00,29.1545203564391,29.3065386344558,28.7711679430118,28.8240451812744,2069000,0,0
2010-10-05 00:00:00,29.0619914869633,29.2734954248443,28.9496286017182,29.1214771270752,1493000,0,0
2010-10-06 00:00:00,29.0619939785957,29.2602786221934,28.4869652344386,28.6257667541504,1791500,0,0
2010-10-07 00:00:00,28.7513471645325,28.956242730164,28.361386263057,28.4737491607666,1841500,0,0
2010-10-08 00:00:00,28.3746068547747,28.3746068547747,27.9383795996756,28.1168365478516,3356000,0,0
2010-10-11 00:00:00,28.2093805736188,28.2556469282864,27.8260278962845,27.8590774536133,3363300,0,0
2010-10-12 00:00:00,27.8854963298364,27.8854963298364,27.3236895011567,27.6475563049316,4206300,0,0
2010-10-13 00:00:00,27.8260121799877,28.1102210674672,27.7202602117157,28.0573463439941,3254600,0,0
2010-10-14 00:00:00,28.0375117593338,28.4076448514278,27.865665783095,28.3415508270264,1470300,0,0
2010-10-15 00:00:00,28.5134007500617,28.5134007500617,27.9251552789585,28.0375156402588,2061300,0,0
2010-10-18 00:00:00,28.0837940158949,28.1300603593395,27.7599270904559,27.8326320648193,806200,0,0
2010-10-19 00:00:00,27.5418033599854,27.7731375245586,27.1650618145106,27.5418033599854,964500,0,0
2010-10-20 00:00:00,27.6211259939968,28.0705726006906,27.5484210250718,27.9912567138672,1427000,0,0
2010-10-21 00:00:00,28.0507252045539,28.1630880481376,27.5880620878117,27.9119262695313,1623900,0,0
2010-10-22 00:00:00,27.8987165004015,28.1630976757692,27.8987165004015,28.1300506591797,778600,0,0
2010-10-25 00:00:00,28.2490224603989,28.4142600677399,28.1300511814073,28.1432704925537,1680400,0,0
2010-10-26 00:00:00,28.0176892664256,28.4539164640413,27.7533105983309,28.2490234375,1730000,0,0
2010-10-27 00:00:00,28.2424096769712,28.2490205927702,27.7268691829755,27.8458404541016,1969400,0,0
2010-10-28 00:00:00,28.1961493057396,28.6191572384789,27.9317680871146,28.1829299926758,3322300,0,0
2010-10-29 00:00:00,28.1036119575211,28.6323717854284,28.0044683867085,28.5001811981201,1345900,0,0
2010-11-01 00:00:00,28.5861173078023,28.5993366241455,28.3812216864734,28.5993366241455,1067500,0,0
2010-11-02 00:00:00,28.7050834117161,28.8372740297737,28.401046755112,28.6125507354736,1154600,0,0
2010-11-03 00:00:00,28.724904033175,28.7843896705546,28.3349431928697,28.6191520690918,1429100,0,0
2010-11-04 00:00:00,28.8372704103428,28.850489722622,28.5596698951314,28.6588134765625,1304700,0,0
2010-11-05 00:00:00,28.4539209667068,28.5067982214888,27.7202654452278,28.3878269195557,2915900,0,0
2010-11-08 00:00:00,28.3613828231544,28.4605263960893,28.1366595763176,28.1432704925537,1884700,0,0
2010-11-09 00:00:00,28.2886760502286,28.4208666318511,27.4492687564497,27.5484123229981,2708000,0,0
2010-11-10 00:00:00,27.455881281827,28.2027534473265,27.455881281827,27.7995758056641,1973200,0,0
2010-11-11 00:00:00,27.6541735218753,28.2159805297852,27.6012962630324,28.2159805297852,1264500,0,0
2010-11-12 00:00:00,28.1697062286847,28.2556304893604,27.8127949176582,28.0375156402588,1203000,0,0
2010-11-15 00:00:00,27.9648226980868,28.1300603593395,27.7929741184411,27.8326320648193,1016200,0,0
2010-11-16 00:00:00,27.7268714469114,27.8458427277516,27.4294432448109,27.5153675079346,4079100,0,0
2010-11-17 00:00:00,27.5351934146028,27.726869634687,27.3038617843811,27.4294414520264,1987900,0,0
2010-11-18 00:00:00,27.6211135774673,28.0309020565371,27.5814556518831,27.97802734375,1515000,0,0
2010-11-19 00:00:00,27.964819177111,28.4208741570703,27.8061899328973,28.2225894927979,2224600,0,0
2010-11-22 00:00:00,28.0176953428083,28.1234473372465,27.8326299828731,27.9912567138672,1469800,0,0
2010-11-23 00:00:00,27.8061858944457,27.8061858944457,27.3963973116218,27.5351963043213,1182200,0,0
2010-11-24 00:00:00,27.5814685616505,28.0705731208188,27.4889358799683,28.0044765472412,1020500,0,0
2010-11-26 00:00:00,27.7797536782027,28.0243072223101,27.6607823652116,27.8855056762695,260500,0,0
2010-11-29 00:00:00,27.7533081916962,27.8260106172228,27.3104701160164,27.5087547302246,1326100,0,0
2010-11-30 00:00:00,27.3038704115153,27.548421429495,27.2708208641904,27.4558887481689,1634400,0,0
2010-12-01 00:00:00,27.7731427289811,27.9582080782585,27.6277327995052,27.7467041015625,1464400,0,0
2010-12-02 00:00:00,27.9185447745279,28.4208659469986,27.8921061545754,28.2093620300293,1642400,0,0
2010-12-03 00:00:00,28.1763205312639,28.1829289268829,27.7533126145216,27.9449863433838,1606600,0,0
2010-12-06 00:00:00,27.9780287494058,28.3085039152358,27.9581985249547,28.2556266784668,1748700,0,0
2010-12-07 00:00:00,28.5134005748537,28.6720297842552,28.3812099872401,28.4208679199219,1913400,0,0
2010-12-08 00:00:00,28.493577754387,28.5200163807078,27.8788935597232,28.017692565918,1206500,0,0
2010-12-09 00:00:00,28.090391096001,28.2490202962794,27.6938218772936,27.8788871765137,1014400,0,0
2010-12-10 00:00:00,27.8987123486157,28.0507306193654,27.7533049929957,27.9515895843506,1275200,0,0
2010-12-13 00:00:00,27.9714109025275,28.1498677504112,27.6805937363418,27.7268600463867,2431700,0,0
2010-12-14 00:00:00,27.7268752403681,28.017692565918,27.7070450099644,28.017692565918,1779000,0,0
2010-12-15 00:00:00,27.8921177237234,28.0309167540573,27.7136607470113,27.8326320648193,1566500,0,0
2010-12-16 00:00:00,27.8326259443201,27.8987199857562,27.2708165068089,27.7334823608398,1755100,0,0
2010-12-17 00:00:00,27.6872118703607,27.7533084231986,27.4228332229864,27.5550212860107,1721100,0,0
2010-12-20 00:00:00,27.6607786429712,28.4142643642953,27.6607786429712,28.2358074188232,1614400,0,0
2010-12-21 00:00:00,28.3878171483724,28.4340834697185,28.0837806020053,28.3415508270264,1004100,0,0
2010-12-22 00:00:00,28.4010380092089,28.4340850232151,28.0639519108989,28.1630954742432,985500,0,0
2010-12-23 00:00:00,28.1366607361815,28.2556320200774,27.8524518381331,28.0837860107422,560400,0,0
2010-12-27 00:00:00,28.0771784933329,28.48696712007,27.9449878817424,28.4142646789551,783300,0,0
2010-12-28 00:00:00,28.4473157080262,28.6191617623682,28.2754671323576,28.3217334747314,1006200,0,0
2010-12-29 00:00:00,28.4010435056952,28.4605291509489,28.2754612983117,28.4076519012451,390400,0,0
2010-12-30 00:00:00,28.4340928361388,28.976072083004,28.4340928361388,28.7183017730713,1313700,0,0
2010-12-31 00:00:00,28.7447306014044,28.9694538116455,28.5464434878252,28.9694538116455,1171200,0,0
2011-01-03 00:00:00,29.0157314738885,29.0686062092049,28.5728932741475,28.6984729766846,1827400,0,0
2011-01-04 00:00:00,28.7711719803124,29.1082581182241,28.6257645973371,28.6522006988525,5159000,0,0
2011-01-05 00:00:00,28.3812124852352,28.6191550596173,28.3547763824463,28.3547763824463,1753600,0,0
2011-01-06 00:00:00,28.5001766023191,28.5398345285142,27.7929599737869,27.852445602417,2838300,0,0
2011-01-07 00:00:00,27.9053271703054,28.2820687030187,27.8392306163838,28.1564865112305,1536800,0,0
2011-01-10 00:00:00,28.0705674905468,28.2886798362886,27.9185491837992,28.136661529541,1503700,0,0
2011-01-11 00:00:00,28.2093638857166,28.4208678165992,27.7268703858078,27.997859954834,1624900,0,0
2011-01-12 00:00:00,28.1366624452842,28.176320382767,27.7599208638382,27.8194065093994,1346200,0,0
2011-01-13 00:00:00,27.9846412781458,28.0573462287829,27.5616334067949,27.7070407867432,2903800,0,0
2011-01-14 00:00:00,27.7797482857451,27.8656725554098,26.8411998002535,26.9205131530762,3616900,0,0
2011-01-18 00:00:00,26.9866102824466,27.8458454331869,26.9271246362471,27.7863597869873,4066600,0,0
2011-01-19 00:00:00,27.6806093048148,27.6938286181661,27.2774290722408,27.4757137298584,2307200,0,0
2011-01-20 00:00:00,27.3369080676616,28.090391096001,27.1452318527119,27.8788871765137,2510700,0,0
2011-01-21 00:00:00,28.0044676490989,28.0903919067849,27.5748514033199,27.6409454345703,1459100,0,0
2011-01-24 00:00:00,27.6343394985413,28.1168330293075,27.4889295912628,28.0837860107422,2136100,0,0
2011-01-25 00:00:00,27.8921078663554,28.4010399857109,27.6607737095615,28.3746013641357,2321800,0,0
2011-01-26 00:00:00,28.3746016925849,29.1016461450368,28.3746016925849,28.8438758850098,4723200,0,0
2011-01-27 00:00:00,29.0487739738723,29.095040305565,28.4473091405424,28.9892883300781,2489900,0,0
2011-01-28 00:00:00,29.0157298385774,29.1347011379922,28.3746070052121,28.4539203643799,1219600,0,0
2011-01-31 00:00:00,28.3349440152908,28.4208682765166,27.7334792293618,27.872278213501,2722200,0,0
2011-02-01 00:00:00,28.1036145733587,28.6389853671919,28.0243012221217,28.5596694946289,2978200,0,0
2011-02-02 00:00:00,28.5067918282323,28.857094737958,28.3415542260861,28.7513427734375,1438100,0,0
2011-02-03 00:00:00,28.6654294488289,29.1082677025916,28.5861160755158,29.0818290710449,1201800,0,0
2011-02-04 00:00:00,28.9694608885479,29.7493801390947,28.9694608885479,29.6766777038574,2266200,0,0
2011-02-07 00:00:00,29.7031045470477,29.7956397037607,29.2999269959048,29.3461933135986,1759400,0,0
2011-02-08 00:00:00,29.4519532174507,29.8617417940661,29.3726373474019,29.8154754638672,868400,0,0
2011-02-09 00:00:00,29.6898961502968,29.7956506539774,29.5048308115078,29.7031154632568,686400,0,0
2011-02-10 00:00:00,29.6171868780349,30.0864610338843,29.5048240044604,29.9807090759277,1615700,0,0
2011-02-11 00:00:00,29.7758144837522,30.3904985464762,29.7758144837522,30.3838901519775,1788700,0,0
2011-02-14 00:00:00,30.3111878318814,30.582177413664,30.2517021909376,30.5160808563232,1476500,0,0
2011-02-15 00:00:00,30.5359098928807,30.5359098928807,30.0005391452731,30.0732440948486,1346400,0,0
2011-02-16 00:00:00,30.2186545183205,30.3640618986687,29.749377796007,29.8683490753174,2059100,0,0
2011-02-17 00:00:00,29.7956575917714,29.8154853051653,29.108268285748,29.2272396087646,2831300,0,0
2011-02-18 00:00:00,29.1677393145075,29.2338333402138,28.8372641433254,28.9364051818848,1896500,0,0
2011-02-22 00:00:00,28.7249084868263,28.989289698688,28.2093678971546,28.3349475860596,2521300,0,0
2011-02-23 00:00:00,28.4274727013746,28.5067885566567,27.4360472022782,27.6607704162598,3049700,0,0
2011-02-24 00:00:00,27.5682415293698,27.7400900512372,27.4294425457025,27.6673851013184,5212900,0,0
2011-02-25 00:00:00,27.7533166111446,28.3349513197608,27.674000724339,28.2027606964111,3474500,0,0
2011-02-28 00:00:00,28.2093805736188,28.3547905576183,27.6872288322816,27.8590774536133,1882400,0,0
2011-03-01 00:00:00,28.0242943304763,28.0242943304763,26.9337253035214,27.0130386352539,3313200,0,0
2011-03-02 00:00:00,27.0527021359114,27.4030050677904,26.7751016356607,26.8874645233154,2336600,0,0
2011-03-03 00:00:00,27.1320102654396,27.3236864643022,26.9601642907759,27.1914958953857,1995000,0,0
2011-03-04 00:00:00,27.2245479566091,27.23115887301,26.8478064041845,27.0527019500732,1228200,0,0
2011-03-07 00:00:00,27.1518484344124,27.3699607938189,26.8213731760851,26.9403419494629,1947200,0,0
2011-03-08 00:00:00,26.7684989471474,26.7684989471474,25.625054726779,26.4644622802734,6950000,0,0
2011-03-09 00:00:00,26.4049730419642,26.6363047089831,26.3454873959699,26.5107250213623,1715500,0,0
2011-03-10 00:00:00,26.2000805244907,26.3124434339089,25.5721769707424,25.6052265167236,4391500,0,0
2011-03-11 00:00:00,25.9026471290174,26.1736367116307,25.5986105282953,26.0348377227783,3143500,0,0
2011-03-14 00:00:00,25.843170022057,26.0017992912193,25.783684361287,25.9290943145752,1640500,0,0
2011-03-15 00:00:00,25.5259034222746,25.9489112695637,25.5192950277407,25.7770652770996,2497200,0,0
2011-03-16 00:00:00,25.7770735611754,26.2661781176173,25.5853972808586,25.7043685913086,2808300,0,0
2011-03-17 00:00:00,26.0546645020545,26.3851397140319,25.7638472231918,26.3587036132813,3030400,0,0
2011-03-18 00:00:00,26.5239428877852,26.5305512830571,25.8035067795019,25.8828201293945,2440100,0,0
2011-03-21 00:00:00,24.6997127532959,24.9376552719163,24.0453733484151,24.6997127532959,13812900,0,0
2011-03-22 00:00:00,24.805473208488,25.3871103955005,24.7658177893386,25.1029014587402,3843200,0,0
2011-03-23 00:00:00,24.9839256452305,25.8233329903784,24.9839256452305,25.7638473510742,3915900,0,0
2011-03-24 00:00:00,26.2595666892968,26.5107286199575,25.7638537458311,26.4644622802734,5469700,0,0
2011-03-25 00:00:00,26.4710610219358,26.6759565381804,26.4578417123724,26.6230792999268,3289400,0,0
2011-03-28 00:00:00,26.7552842296258,26.9139135081727,26.5569995224372,26.7288455963135,1709800,0,0
2011-03-29 00:00:00,26.6362975229967,27.2906394524045,26.5702034992012,27.1914958953857,2933700,0,0
2011-03-30 00:00:00,27.3699650008594,27.9846492775376,27.3699650008594,27.8855056762695,3555000,0,0
2011-03-31 00:00:00,27.9053217842437,28.1564810766919,27.878883167778,28.1234340667725,2315200,0,0
2011-04-01 00:00:00,28.2225827163046,28.6191519496297,28.2159718003313,28.4869613647461,3394600,0,0
2011-04-04 00:00:00,28.5001898644964,28.6389914101062,28.4142680997457,28.5266284942627,1715200,0,0
2011-04-05 00:00:00,28.4010380092089,28.4869597413599,28.136656854508,28.1630954742432,1918600,0,0
2011-04-06 00:00:00,28.3018927099357,28.4803496002141,28.1829214497501,28.2886734008789,1621300,0,0
2011-04-07 00:00:00,28.288686447511,28.4473157080262,28.1234487900824,28.3217334747314,2870400,0,0
2011-04-08 00:00:00,28.4407033141752,28.5464553085896,28.1300582488289,28.2027606964111,1971300,0,0
2011-04-11 00:00:00,28.2093730779167,28.4737543383331,28.2093730779167,28.3217334747314,2453900,0,0
2011-04-12 00:00:00,28.1300504762923,28.301896474236,27.9582019570228,28.0771732330322,1788700,0,0
2011-04-13 00:00:00,28.2225904451419,28.3878280911658,28.2027602131171,28.3283424377441,2649800,0,0
2011-04-14 00:00:00,28.2424144744873,28.2820724120412,27.9912525792982,28.2424144744873,1655800,0,0
2011-04-15 00:00:00,28.2424144744873,28.4142630158947,28.1036154750378,28.2424144744873,2304400,0,0
2011-04-18 00:00:00,27.9912593503187,28.0837945603285,27.7665360258055,28.050745010376,2500800,0,0
2011-04-19 00:00:00,28.0969994904051,28.2754563952211,27.77313521677,27.8788871765137,3037300,0,0
2011-04-20 00:00:00,28.1829251397046,28.4142592964984,28.1630974341861,28.3746013641357,1915700,0,0
2011-04-21 00:00:00,28.480359817386,28.7249108193542,28.3613885145201,28.6455974578857,1189600,0,0
2011-04-25 00:00:00,28.5794942305883,28.6786352702487,28.5067892887088,28.6059303283691,835500,0,0
2011-04-26 00:00:00,28.7116819646279,28.9694547160633,28.5662746038091,28.9364051818848,1600000,0,0
2011-04-27 00:00:00,28.9826683608074,29.405678651956,28.9562322661873,29.3792400360107,2170900,0,0
2011-04-28 00:00:00,29.1941856909816,29.3792535665056,28.8108356685258,28.8637104034424,2718100,0,0
2011-04-29 00:00:00,28.8306637722731,28.8372746900568,28.1895434202024,28.3283424377441,2752300,0,0
2011-05-02 00:00:00,28.4869678940001,28.5067981251394,27.9648188720874,28.044132232666,2533000,0,0
2011-05-03 00:00:00,28.0639563498378,28.5861078262329,27.8326246938785,28.0903949737549,3945600,0,0
2011-05-04 00:00:00,28.1432669693674,28.1498753634504,27.5351913393866,27.5946769714356,2993900,0,0
2011-05-05 00:00:00,27.5484129654095,27.9119351823545,27.5021466389615,27.6938228607178,2291800,0,0
2011-05-06 00:00:00,27.892111590143,27.9978635692364,27.6012917566416,27.7334823608398,1974900,0,0
2011-05-09 00:00:00,27.885497887605,27.9383751325326,27.7202602791949,27.7599182128906,1393300,0,0
2011-05-10 00:00:00,27.7136495818313,28.0044668407951,27.7136495818313,27.8788871765137,3232400,0,0
2011-05-11 00:00:00,27.8061814186465,28.0375130359096,27.6343354345833,27.8987140655518,2107600,0,0
2011-05-12 00:00:00,27.8524526234789,28.2159748805993,27.7004343167313,28.136661529541,1800000,0,0
2011-05-13 00:00:00,28.0242980618179,28.1168307147138,27.5285852601677,27.6938228607178,1642500,0,0
2011-05-16 00:00:00,27.627729609433,27.6673875459817,27.3699593251815,27.4624919891357,2306800,0,0
2011-05-17 00:00:00,27.4294381778472,27.4360465716394,26.9138977369913,27.1452293395996,2299200,0,0
2011-05-18 00:00:00,27.1915038429143,27.4162271193568,27.1121904869128,27.3699607849121,2056800,0,0
2011-05-19 00:00:00,27.4823214709166,27.5682432157805,27.1915016534513,27.4030055999756,1651800,0,0
2011-05-20 00:00:00,27.3435286992317,27.449280706303,27.1584633171885,27.3501396179199,1980800,0,0
2011-05-23 00:00:00,27.1187986423044,27.2245506231442,26.9535610146592,27.112190246582,1440700,0,0
2011-05-24 00:00:00,27.1650672401759,27.4096207648258,27.1650672401759,27.2840385437012,1627800,0,0
2011-05-25 00:00:00,27.2179362578307,27.3567352294922,27.0791372861691,27.3567352294922,2164700,0,0
2011-05-26 00:00:00,27.2311628629965,27.4162282081246,27.1782856093449,27.3897895812988,1817400,0,0
2011-05-27 00:00:00,27.4162211602541,27.8458399110898,27.3699548358657,27.6145057678223,1624800,0,0
2011-05-31 00:00:00,27.7467023775766,27.8194073377971,27.1452375084696,27.3699607849121,2639500,0,0
2011-06-01 00:00:00,27.3038698187694,27.4096218124642,27.0593162847723,27.0989742279053,1978700,0,0
2011-06-02 00:00:00,27.2509844796214,27.7268695707816,27.1716711382033,27.5087547302246,3153300,0,0
2011-06-03 00:00:00,27.026262115424,27.3104709961004,26.6429121851114,26.6825675964356,2974900,0,0
2011-06-06 00:00:00,26.6825771579066,26.8544257396441,26.4710731506348,26.4710731506348,1861700,0,0
2011-06-07 00:00:00,26.5107276659428,26.7222316458375,26.4776806418329,26.5702133178711,1237500,0,0
2011-06-08 00:00:00,26.4644558545821,26.7156152029337,26.2727796245302,26.3983592987061,1868900,0,0
2011-06-09 00:00:00,26.3785314600475,26.7949309353339,26.3785314600475,26.7751007080078,2110500,0,0
2011-06-10 00:00:00,26.6297016143799,26.9601769309505,26.5900436687138,26.6297016143799,2011600,0,0
2011-06-13 00:00:00,26.6098617299371,26.7817102441701,26.4446241315806,26.497501373291,1725200,0,0
2011-06-14 00:00:00,26.7222221104784,26.7288305044118,26.4446216600945,26.4908905029297,1804100,0,0
2011-06-15 00:00:00,26.3983585016859,26.6693480692815,26.2727788313016,26.3454837799072,1808500,0,0
2011-06-16 00:00:00,26.3520927429199,26.7156149724619,26.266171003011,26.3520927429199,1770300,0,0
2011-06-17 00:00:00,26.4710609199131,26.8610217258913,26.4314055127012,26.7090034484863,1535300,0,0
2011-06-20 00:00:00,26.6296945444442,26.9139034429462,26.5635979858821,26.8544178009033,752900,0,0
2011-06-21 00:00:00,26.8874682782398,27.4228391254942,26.8742489648269,27.3897895812988,2778400,0,0
2011-06-22 00:00:00,27.3038649979725,27.3038649979725,26.9932174682617,26.9932174682617,2710500,0,0
2011-06-23 00:00:00,26.8081531768016,27.0196571350098,26.6495239474825,27.0196571350098,1503900,0,0
2011-06-24 00:00:00,26.9601692955476,27.0857489726014,26.7618846660268,26.834587097168,1150700,0,0
2011-06-27 00:00:00,26.7486610412598,26.8808490920741,26.4842798969803,26.7486610412598,1193100,0,0
2011-06-28 00:00:00,26.8279816311711,26.9205143002951,26.4842870591918,26.6495246887207,1660300,0,0
2011-06-29 00:00:00,26.808146515192,26.9998201962771,26.7090029563382,26.9138984680176,3027900,0,0
2011-06-30 00:00:00,26.9667772334651,27.125406447188,26.8676361810483,26.960168838501,1631100,0,0
2011-07-01 00:00:00,27.1452313063679,28.2424088121232,27.0857456726265,28.1630954742432,3078600,0,0
2011-07-05 00:00:00,28.2556355559908,28.2622439520004,27.9582073090309,28.1168365478516,1590000,0,0
2011-07-06 00:00:00,28.0110756623685,28.4142557666632,27.911932104441,28.3415508270264,1151400,0,0
2011-07-07 00:00:00,28.4142639060259,28.4803579493602,28.2820732980312,28.4274806976318,932700,0,0
2011-07-08 00:00:00,28.0904003054261,28.2556379542816,27.9383819710383,28.2027606964111,1228700,0,0
2011-07-11 00:00:00,27.9780310355,28.0044671347192,27.7665245924671,27.8458404541016,970600,0,0
2011-07-12 00:00:00,27.9515948304462,28.0837854232682,27.77974630338,27.9317646026611,933100,0,0
2011-07-13 00:00:00,28.0176912043341,28.341558057709,27.9780357881063,28.2424144744873,1216100,0,0
2011-07-14 00:00:00,28.2358086235009,28.2820749608202,27.7070461604347,27.7467041015625,1395300,0,0
2011-07-15 00:00:00,27.9449903738834,28.0837919151612,27.7929720394614,27.9912567138672,746400,0,0
2011-07-18 00:00:00,27.7929650485256,27.9185472437444,27.5880720290858,27.7070407867432,1172800,0,0
2011-07-19 00:00:00,27.8855135696182,28.0705815096159,27.7070565496171,27.8590774536133,737300,0,0
2011-07-20 00:00:00,27.8921050738024,27.9581990997972,27.5153635787161,27.6739902496338,707200,0,0
2011-07-21 00:00:00,27.8194018335567,28.0176864449916,27.6343365323943,27.8458404541016,1302300,0,0
2011-07-22 00:00:00,27.9383886690465,28.0441406888142,27.7401039471481,28.0243129730225,776100,0,0
2011-07-25 00:00:00,27.5484090655635,27.911931231047,27.5285813631286,27.852445602417,1201500,0,0
2011-07-26 00:00:00,27.7863572197503,27.9383755190314,27.6277280040988,27.9317646026611,1294000,0,0
2011-07-27 00:00:00,27.6938241780569,27.9582028387175,27.4492707022555,27.7599182128906,2252700,0,0
2011-07-28 00:00:00,27.872270965852,29.6105708376544,27.7334720178048,29.0223255157471,4072400,0,0
2011-07-29 00:00:00,28.7843922930768,29.0884289023507,28.6588126122009,28.6852512359619,3210700,0,0
2011-08-01 00:00:00,28.9496256440404,29.0223305880076,28.5596648256646,28.8769207000732,2093900,0,0
2011-08-02 00:00:00,28.5993286521593,28.8240519246986,27.6277306030444,27.779748916626,2821400,0,0
2011-08-03 00:00:00,27.8854963786185,28.9496269226074,27.8854963786185,28.9496269226074,3295200,0,0
2011-08-04 00:00:00,28.6455954926686,28.7513474744803,26.8742479063279,26.9403419494629,5303500,0,0
2011-08-05 00:00:00,27.1848868914841,27.5748476743078,26.5305449767604,26.9667720794678,5363100,0,0
2011-08-08 00:00:00,26.2265083097118,26.4578399079811,24.805464145128,25.5787773132324,6619800,0,0
2011-08-09 00:00:00,25.8695950405132,26.8544121236176,25.3871016109807,26.8478012084961,4407800,0,0
2011-08-10 00:00:00,26.4115794584839,26.6693497313682,26.0414488189889,26.0877151489258,3268100,0,0
2011-08-11 00:00:00,26.0414587794816,27.0196655200951,25.9357067675592,26.7288455963135,2723000,0,0
2011-08-12 00:00:00,26.9932130326677,27.4889258068808,26.8808501594235,27.3567352294922,1695900,0,0
2011-08-15 00:00:00,27.5484230857585,27.991258807679,27.4624987959357,27.8326320648193,1678200,0,0
2011-08-16 00:00:00,27.6607742518886,27.8326227741705,27.244377299882,27.5880718231201,987000,0,0
2011-08-17 00:00:00,27.6607813872319,27.7731442994514,27.1121937045706,27.3633556365967,1069700,0,0
2011-08-18 00:00:00,26.9271104813408,26.9337188735219,26.2859880228036,26.4181785583496,2296400,0,0
2011-08-19 00:00:00,26.219911196502,26.9866163745207,26.1802557709676,26.4710731506348,1584300,0,0
2011-08-22 00:00:00,26.9271230377091,27.0130447827541,25.8762116981217,26.1736373901367,1874600,0,0
2011-08-23 00:00:00,26.2661680671161,27.1320114135742,26.2198992229108,27.1320114135742,1287500,0,0
2011-08-24 00:00:00,27.1254056679888,27.7466981511277,27.0196537023199,27.7004318237305,1260600,0,0
2011-08-25 00:00:00,27.7467015214173,27.7665292294743,27.0659233173151,27.1782836914063,935800,0,0
2011-08-26 00:00:00,27.2509844796214,27.5087547302246,26.5239400537496,27.5087547302246,816800,0,0
2011-08-29 00:00:00,27.6872203451865,27.9582099914551,27.6079069788296,27.9582099914551,788100,0,0
2011-08-30 00:00:00,27.8127930411043,28.103610298959,27.4492683171289,27.9648113250732,1505600,0,0
2011-08-31 00:00:00,28.0969912007917,29.0421501652253,28.0639441958704,28.7050666809082,3541600,0,0
2011-09-01 00:00:00,28.7777791943038,29.1875677103192,28.6191499989903,28.784387588501,2339700,0,0
2011-09-02 00:00:00,28.3349472393793,28.414263114763,27.634341322772,27.9449863433838,1599300,0,0
2011-09-06 00:00:00,27.3765654154082,27.9582024958499,27.2179387252224,27.7995758056641,1411400,0,0
2011-09-07 00:00:00,28.0110828087381,28.321727828269,27.9119392255165,28.2424144744873,1209200,0,0
2011-09-08 00:00:00,28.2093610398557,28.5530555231982,28.0705620719651,28.103609085083,1253400,0,0
2011-09-09 00:00:00,27.9714277805801,27.9780386981897,27.5087618796324,27.6343441009521,1775800,0,0
2011-09-12 00:00:00,27.2906452314647,27.4030055999756,27.0989689920127,27.4030055999756,1564900,0,0
2011-09-13 00:00:00,27.5087640255734,27.925163621042,27.2906516326409,27.8855056762695,1018700,0,0
2011-09-14 00:00:00,27.9912495887873,28.7381242776385,27.720260014436,28.5134010314941,1806800,0,0
2011-09-15 00:00:00,28.7579546394291,28.9496308861735,28.5728893095109,28.7910041809082,1143800,0,0
2011-09-16 00:00:00,28.8108281723474,29.0157237049883,28.5861049344376,28.9958934783936,1818800,0,0
2011-09-19 00:00:00,28.5200162677544,29.0686038944436,28.4473113063233,28.9562435150146,1215600,0,0
2011-09-20 00:00:00,28.9958972186531,29.3792497121419,28.7910041809082,28.7910041809082,804900,0,0
2011-09-21 00:00:00,28.7711741480815,29.1346989362243,28.619155837279,28.6257667541504,1514700,0,0
2011-09-22 00:00:00,28.1498677504112,28.2291810645846,27.2311474204847,27.7268600463867,2429200,0,0
2011-09-23 00:00:00,27.568244461669,27.9780355827396,27.1121895291142,27.2642078399658,3255100,0,0
2011-09-26 00:00:00,27.4426672262906,27.5484192137756,27.1121919502341,27.4889335632324,1664000,0,0
2011-09-27 00:00:00,27.865673806726,28.5200159305427,27.8260158678708,27.9251594543457,1469600,0,0
2011-09-28 00:00:00,27.9846448875864,28.0903968690639,27.4228379587356,27.4492740631104,1227900,0,0
2011-09-29 00:00:00,27.7004281857064,27.9449791014491,26.7486606196864,27.2377624511719,2029000,0,0
2011-09-30 00:00:00,26.9932203714443,27.2642099941696,26.8742490715818,26.8808574676514,2322500,0,0
2011-10-03 00:00:00,26.7751019390331,27.5418043693122,26.6230836362815,26.6363029479981,3799100,0,0
2011-10-04 00:00:00,26.5173330925815,26.5569910298679,25.5787846020716,26.3322677612305,3700000,0,0
2011-10-05 00:00:00,26.398361660898,27.026265130615,26.1141527485137,26.9205131530762,3143200,0,0
2011-10-06 00:00:00,26.8676385526422,27.2840355479342,26.6627429921069,27.2642078399658,1859700,0,0
2011-10-07 00:00:00,27.6607640624149,27.6607640624149,26.596636389068,26.6032447814941,2747300,0,0
2011-10-10 00:00:00,27.1055787626642,27.8194065093994,26.9733906803734,27.8194065093994,2013900,0,0
2011-10-11 00:00:00,27.6805968682923,27.7665185844832,27.429435070113,27.5814533233643,1272800,0,0
2011-10-12 00:00:00,27.7665306585231,28.5530634029457,27.6739979877266,28.017692565918,2159700,0,0
2011-10-13 00:00:00,27.9582032254907,28.0573468004386,27.77974630338,27.9317646026611,1136700,0,0
2011-10-14 00:00:00,28.0969974129059,28.6852453243934,28.0969974129059,28.6323680877686,1142800,0,0
2011-10-17 00:00:00,28.4935820504001,28.6059424472148,28.1829344476098,28.3217334747314,982100,0,0
2011-10-18 00:00:00,28.2622385351028,28.6521993794134,27.859060901306,28.5861053466797,878800,0,0
2011-10-19 00:00:00,28.4935763696764,28.62576697353,28.0705684544059,28.2424144744873,930900,0,0
2011-10-20 00:00:00,28.3613904702766,28.5927221743979,28.0309151664881,28.2159805297852,910500,0,0
2011-10-21 00:00:00,28.3415472074587,28.5860980921022,28.2820615845644,28.4671268463135,1171100,0,0
2011-10-24 00:00:00,28.4671325256526,28.8042186297461,28.4671325256526,28.7645606994629,1225600,0,0
2011-10-25 00:00:00,28.7116932899339,28.7447428371488,28.1697139971178,28.52001953125,2223400,0,0
2011-10-26 00:00:00,28.5398467077768,28.6191600726885,27.1518514758547,27.5219821929932,5380800,0,0
2011-10-27 00:00:00,28.1763210763747,28.5067963328889,27.6277309403245,28.1697101593018,3597200,0,0
2011-10-28 00:00:00,28.0375162303758,28.0705657691721,27.687213306801,27.9714221954346,2681400,0,0
2011-10-31 00:00:00,27.8127934247123,27.8458404397134,27.2245454638595,27.3369083404541,1811500,0,0
2011-11-01 00:00:00,26.9932190565794,27.6806081953401,26.7420571556234,26.8147621154785,3830000,0,0
2011-11-02 00:00:00,26.9866083258123,27.2311592885347,26.7288355300863,26.9337310791016,2216300,0,0
2011-11-03 00:00:00,27.1254028304526,27.7995724865653,26.9866038627803,27.5946769714356,2541900,0,0
2011-11-04 00:00:00,27.5484057029298,27.7004239528008,27.3369018316897,27.6541576385498,1583600,0,0
2011-11-07 00:00:00,27.5880682871159,27.8193998974694,27.3104678333662,27.6277236938477,1549600,0,0
2011-11-08 00:00:00,27.6739866742387,27.7863495295034,27.376558553038,27.7202529907227,1323700,0,0
2011-11-09 00:00:00,27.383174603726,27.5087542689763,27.2311563180045,27.4162216186523,1473800,0,0
2011-11-10 00:00:00,27.5418000437625,27.5682386630433,26.8940689993352,26.9733848571777,1740700,0,0
2011-11-11 00:00:00,27.1518529933626,27.9582110445717,27.1452420751434,27.7731456756592,1380000,0,0
2011-11-14 00:00:00,27.6938227863074,27.8987157967904,27.4823188598777,27.5550212860107,827600,0,0
2011-11-15 00:00:00,27.5153709616566,27.938378892706,27.4624937096123,27.8392353057861,867300,0,0
2011-11-16 00:00:00,27.7136525089857,27.7466995271475,27.1055767852395,27.1848926544189,1353700,0,0
2011-11-17 00:00:00,27.132018204411,27.250989499115,26.8279815718681,26.9403419494629,1353600,0,0
2011-11-18 00:00:00,27.0394823706079,27.0394823706079,26.5437695411384,26.5768165588379,1346600,0,0
2011-11-21 00:00:00,26.385142144934,26.4842857261918,25.9951837793461,26.3719253540039,1462500,0,0
2011-11-22 00:00:00,26.2661737204125,26.576818737848,26.1207638050219,26.3322677612305,1023900,0,0
2011-11-23 00:00:00,26.1538060374521,26.2595579961964,25.9621298243139,26.0083961486816,1074200,0,0
2011-11-25 00:00:00,26.0150097210813,26.5173309460839,26.0150097210813,26.0678844451904,661000,0,0
2011-11-28 00:00:00,26.530559300237,26.9998336674552,26.530559300237,26.6957969665527,1735000,0,0
2011-11-29 00:00:00,26.7023997678772,27.0130447716154,26.6098645849557,26.8940734863281,2776500,0,0
2011-11-30 00:00:00,27.1716727745476,27.9714221954346,27.138625757077,27.9714221954346,2225200,0,0
2011-12-01 00:00:00,27.8260190587268,28.5134082830838,27.8260190587268,28.2027606964111,1510500,0,0
2011-12-02 00:00:00,28.4142592908831,28.8835334777832,28.3085073259292,28.8835334777832,2158200,0,0
2011-12-05 00:00:00,28.9297982936547,28.9826730127067,28.6191508097499,28.7645606994629,2088100,0,0
2011-12-06 00:00:00,28.7976077140361,28.9694562239379,28.7050750647008,28.7645606994629,1107900,0,0
2011-12-07 00:00:00,28.6918615178218,28.7777857900319,28.3481669503073,28.4737491607666,1471400,0,0
2011-12-08 00:00:00,28.4737449935055,28.5001810938098,27.9185465459035,28.0771732330322,1137300,0,0
2011-12-09 00:00:00,28.2225938639928,28.7183068621145,28.18954683505,28.5795078277588,1542000,0,0
2011-12-12 00:00:00,28.4406882313993,28.5464401697309,28.2093566542129,28.4671268463135,1285600,0,0
2011-12-13 00:00:00,28.5464538650554,28.9364147974878,28.5001875274216,28.6455974578857,1749300,0,0
2011-12-14 00:00:00,28.5794978833501,28.7447354918953,28.2358033550172,28.2622394561768,935500,0,0
2011-12-15 00:00:00,28.6918640136719,28.8042269211557,28.4605323237439,28.6918640136719,2186500,0,0
2011-12-16 00:00:00,28.6125403611928,28.8174333496324,27.8921044013857,28.3415508270264,3195000,0,0
2011-12-19 00:00:00,28.394429472611,28.4935730442619,27.9515939009089,28.0375156402588,1087800,0,0
2011-12-20 00:00:00,28.4208784103394,29.3197717123112,28.414270013116,29.0818290710449,2404200,0,0
2011-12-21 00:00:00,29.0752090025676,29.3131490269943,28.8901411773571,29.035551071167,1376400,0,0
2011-12-22 00:00:00,29.0818225034114,29.4321254676508,29.0421645650475,29.3197650909424,805700,0,0
2011-12-23 00:00:00,29.3528170170232,29.4387413038396,29.1016550747358,29.3395977020264,885000,0,0
2011-12-27 00:00:00,29.3660259246826,29.4056838556184,29.2668823580059,29.3660259246826,900700,0,0
2011-12-28 00:00:00,29.3660299003328,29.4056878366376,28.8438784182865,28.9892883300781,803000,0,0
2011-12-29 00:00:00,28.969454477285,29.5312612551339,28.9165772400955,29.4783840179443,1502100,0,0
2011-12-30 00:00:00,29.3726397646085,29.6898957069345,29.3263734306022,29.6105823516846,986000,0,0
2012-01-03 00:00:00,29.9344452872499,29.9344452872499,29.5246542093005,29.6898918151856,2512300,0,0
2012-01-04 00:00:00,29.7295580746371,29.881576412068,29.4916154521099,29.7559967041016,1828800,0,0
2012-01-05 00:00:00,29.8088646643418,29.8088646643418,29.5180473703326,29.7295513153076,1733400,0,0
2012-01-06 00:00:00,29.7097181239414,29.9013943266058,29.5907468616894,29.7758121490479,912600,0,0
2012-01-09 00:00:00,29.8154793807356,30.245095720639,29.7956516712816,30.1591739654541,1577100,0,0
2012-01-10 00:00:00,30.2384944767932,30.7077688679266,30.2384944767932,30.4896564483643,1984100,0,0
2012-01-11 00:00:00,30.476426958654,30.6086175585828,30.3442363587252,30.5623512268066,755500,0,0
2012-01-12 00:00:00,30.5557370644008,30.7143662717307,30.0930712744581,30.5689563751221,1498300,0,0
2012-01-13 00:00:00,30.4037227630615,30.5226940538405,30.1856078895248,30.4037227630615,872000,0,0
2012-01-17 00:00:00,30.5689703876125,30.7275996676564,30.1988370817281,30.2913722991943,800300,0,0
2012-01-18 00:00:00,30.2913537950306,30.4301527544512,29.6898865948907,30.2979621887207,3328300,0,0
2012-01-19 00:00:00,30.4037210726336,30.97874726521,30.1657785043052,30.6681022644043,1394200,0,0
2012-01-20 00:00:00,31.0911105746997,31.0977189699867,30.4896457505459,30.5491313934326,1400900,0,0
2012-01-23 00:00:00,30.3508509219057,30.7738614319056,30.3508509219057,30.4367752075195,1138700,0,0
2012-01-24 00:00:00,30.4830307179514,30.4830307179514,30.0137565548348,30.3640594482422,977800,0,0
2012-01-25 00:00:00,30.4037187171345,30.9192592276877,30.1129014457783,30.8663845062256,1557500,0,0
2012-01-26 00:00:00,30.9589077603169,31.2166779373317,30.5094614183796,30.6218242645264,2684900,0,0
2012-01-27 00:00:00,30.5887795674672,32.6906017568622,30.509466236167,32.2014999389648,7248000,0,0
2012-01-30 00:00:00,31.9305299299907,32.0362819434736,31.6661486356201,31.9966239929199,1368200,0,0
2012-01-31 00:00:00,32.2015102466658,32.3270899381996,31.9239097162672,32.0428810119629,3314600,0,0
2012-02-01 00:00:00,32.3072535673076,32.4857104630042,32.1023580526948,32.1552352905273,2825400,0,0
2012-02-02 00:00:00,32.2543769249374,32.7500896928042,32.168452672536,32.3799591064453,1497400,0,0
2012-02-03 00:00:00,32.6046720829381,32.7566903147542,32.3336801011891,32.5319671630859,1790600,0,0
2012-02-06 00:00:00,32.4724951488056,32.6112941332049,32.4130095095879,32.5716361999512,750800,0,0
2012-02-07 00:00:00,32.465878871083,32.6245080565755,32.3799571452113,32.4592704772949,889700,0,0
2012-02-08 00:00:00,32.4262188024798,32.558406829834,32.2014956261227,32.558406829834,1651000,0,0
2012-02-09 00:00:00,32.5650301869322,32.6179049138121,32.1750693060553,32.5914688110352,986600,0,0
2012-02-10 00:00:00,32.2940405931924,32.5980772063979,32.2676019690895,32.5914688110352,1201900,0,0
2012-02-13 00:00:00,32.7170339509591,32.8293942714638,32.5914543242788,32.6509399414063,948700,0,0
2012-02-14 00:00:00,32.6046938083034,32.6840071731159,32.2874353064007,32.664176940918,1427200,0,0
2012-02-15 00:00:00,32.8161843848256,33.7481242348402,32.7170408283308,33.4771347045898,4132200,0,0
2012-02-16 00:00:00,33.377986449529,33.7349001770776,33.0409029432831,33.5828819274902,4614100,0,0
2012-02-17 00:00:00,33.6357623285023,33.9992845104733,33.5762766971743,33.9530181884766,1488200,0,0
2012-02-21 00:00:00,33.8472707398431,34.1314796249769,33.6886440494073,34.0191192626953,2512700,0,0
2012-02-22 00:00:00,33.7349093862222,34.0257266576924,33.6159381112286,33.9860687255859,1482500,0,0
2012-02-23 00:00:00,33.9464137113885,34.3760299682617,33.7084711586214,34.3760299682617,1321300,0,0
2012-02-24 00:00:00,34.3562104928963,34.9048006788973,34.2041921636172,34.7329521179199,1497300,0,0
2012-02-27 00:00:00,34.4090884018846,34.4090884018846,33.834059576926,34.2372398376465,2020700,0,0
2012-02-28 00:00:00,34.3363766414701,34.4685672367351,34.2174053578642,34.4289093017578,1867300,0,0
2012-02-29 00:00:00,34.3694227540759,34.5610989860918,34.1116524868324,34.2438430786133,1241900,0,0
2012-03-01 00:00:00,34.3694268619516,34.9510640225098,34.1975808370254,34.9246253967285,2369800,0,0
2012-03-02 00:00:00,34.9114055389574,35.3872907102891,34.772606537761,35.1295204162598,1705700,0,0
2012-03-05 00:00:00,35.05019835456,35.2683131933699,34.9180102936971,35.1096839904785,1118300,0,0
2012-03-06 00:00:00,34.8453121469969,34.9642834420496,34.4950066576414,34.627197265625,1915900,0,0
2012-03-07 00:00:00,34.812258880015,34.8981831442117,34.587538148206,34.7593841552734,1427500,0,0
2012-03-08 00:00:00,35.6913353491459,35.9689334138469,35.3939070503044,35.5194892883301,8724400,0,0
2012-03-09 00:00:00,35.7309777869535,36.0416227452834,35.6053956034372,35.975528717041,4647700,0,0
2012-03-12 00:00:00,36.695962986698,37.0066104516912,36.1341536878524,36.319221496582,9560500,0,0
2012-03-13 00:00:00,36.5109033658567,36.5241201558721,35.4599920668177,35.6781044006348,49940000,0,0
2012-03-14 00:00:00,35.1625639197898,35.2947545120833,34.356203575993,34.6602401733398,6701500,0,0
2012-03-15 00:00:00,34.5743253922923,35.1757903130603,34.5412758465707,34.7329521179199,2663600,0,0
2012-03-16 00:00:00,34.5941550132052,35.0369907114759,34.2570713116355,34.5214500427246,3845900,0,0
2012-03-19 00:00:00,34.5214449790972,35.1890064089314,34.448740019281,35.0898628234863,2728400,0,0
2012-03-20 00:00:00,34.8783545040341,35.0964668349096,34.6998975853219,34.8651351928711,2641300,0,0
2012-03-21 00:00:00,34.8717414468043,35.3013602085856,34.8651330522914,35.1096839904785,2154200,0,0
2012-03-22 00:00:00,35.0369834436829,35.2088319785041,34.9312314689183,35.0435943603516,1690600,0,0
2012-03-23 00:00:00,35.1493478260998,35.2881468261174,34.9444522632219,35.1625671386719,1445200,0,0
2012-03-26 00:00:00,35.4005074949003,35.5459148813918,35.169173321434,35.4137268066406,1053300,0,0
2012-03-27 00:00:00,35.4005062251385,35.4798195714095,35.0634200911664,35.1229057312012,1457600,0,0
2012-03-28 00:00:00,35.036986170376,35.1493490705537,34.7726074735527,35.0237693786621,1188600,0,0
2012-03-29 00:00:00,34.9378361586703,35.0369771990965,34.5544837426443,35.0303688049316,1291400,0,0
2012-03-30 00:00:00,35.2550926208496,35.4798158461271,34.9774921560596,35.2550926208496,1116400,0,0
2012-04-02 00:00:00,35.2815399638672,35.5393102669103,34.8188740890414,35.2749290466309,1897100,0,0
2012-04-03 00:00:00,35.4732117094656,35.4732117094656,34.8386998420123,35.0700340270996,2551800,0,0
2012-04-04 00:00:00,34.9246164289127,35.0369767776426,34.2768853915493,34.931224822998,1954300,0,0
2012-04-05 00:00:00,35.0964630886688,35.5062541270037,34.7461602048807,35.294750213623,1954000,0,0
2012-04-09 00:00:00,34.8386898912141,35.1361180320443,34.785815178025,35.0501937866211,1560600,0,0
2012-04-10 00:00:00,35.0303800758501,35.1493513797006,34.6999047921157,34.765998840332,1768300,0,0
2012-04-11 00:00:00,35.2286533868111,35.7441963777672,35.1493400502507,35.6186141967773,2486300,0,0
2012-04-12 00:00:00,35.5657404836734,36.1077195879015,35.4401582991378,35.9424819946289,1574300,0,0
2012-04-13 00:00:00,35.8962174015895,36.008577760198,35.578961509763,35.5987892150879,1419000,0,0
2012-04-16 00:00:00,35.8697815402801,36.0019721357106,35.4930399821649,35.8631706237793,1915900,0,0
2012-04-17 00:00:00,36.0812875864612,36.4448098540788,35.7045460063978,36.3456687927246,2102700,0,0
2012-04-18 00:00:00,36.1143349496574,36.3126195955738,35.8367369496397,36.3060111999512,1708500,0,0
2012-04-19 00:00:00,36.3522694280461,36.4315827644634,35.9755279284069,36.2134704589844,2268800,0,0
2012-04-20 00:00:00,36.1738119049721,36.4580207536586,35.9623079972974,36.2861747741699,2515100,0,0
2012-04-23 00:00:00,35.9953624749032,36.20686642644,35.8565634794558,36.1539916992188,1446400,0,0
2012-04-24 00:00:00,36.2266923652523,36.5175096338445,35.9953582122425,36.3522720336914,1085500,0,0
2012-04-25 00:00:00,36.6364885052621,37.2049063710784,36.6034414826434,37.0727157592773,2061100,0,0
2012-04-26 00:00:00,37.1255805897652,38.189711075036,36.7686693108151,37.1850662231445,2582500,0,0
2012-04-27 00:00:00,37.3503195913562,37.6543588022439,37.2776171388037,37.4164161682129,2844400,0,0
2012-04-30 00:00:00,37.4560715930003,37.5816538283648,37.284225535826,37.4164161682129,2189000,0,0
2012-05-01 00:00:00,37.4692705677047,37.6212888299603,37.2247196694089,37.2643775939941,2233500,0,0
2012-05-02 00:00:00,36.9934043052961,37.3767543257968,36.9471379669827,37.2842216491699,1868000,0,0
2012-05-03 00:00:00,37.3569221496582,37.7534914367445,37.2181231513106,37.3569221496582,2610900,0,0
2012-05-04 00:00:00,37.1652437481709,37.3437006734171,36.7620635675767,36.8810348510742,1761200,0,0
2012-05-07 00:00:00,36.8545922469453,37.1652397337816,36.6496992418623,37.0462684631348,1730200,0,0
2012-05-08 00:00:00,36.7884986778964,36.920689260418,36.4448041718708,36.8479843139648,1767900,0,0
2012-05-09 00:00:00,36.6497095311123,36.9405268736028,36.3522812709935,36.5968322753906,2292200,0,0
2012-05-10 00:00:00,36.8744189362348,36.9735599713812,36.3985338992905,36.7224006652832,1188800,0,0
2012-05-11 00:00:00,36.5968268836967,37.0462734058105,36.5241219284539,36.7752838134766,1268700,0,0
2012-05-14 00:00:00,36.5571660433091,36.5571660433091,35.929262684608,35.9424819946289,1855600,0,0
2012-05-15 00:00:00,35.9689212066344,36.2861796319446,35.7111509422299,35.8763885498047,1608900,0,0
2012-05-16 00:00:00,35.8962201174579,36.120943373003,35.7904681455147,35.8697814941406,1557800,0,0
2012-05-17 00:00:00,35.8896148693531,36.0019777755351,35.017160332695,35.0964736938477,1649800,0,0
2012-05-18 00:00:00,35.1625665903223,35.354242837639,34.7527779922832,34.9378433227539,2215500,0,0
2012-05-21 00:00:00,35.0501964761836,35.3542355553211,34.8783504934759,35.3277969360352,2714300,0,0
2012-05-22 00:00:00,35.3476351871647,35.7772540541156,35.3013688502717,35.4269485473633,1585900,0,0
2012-05-23 00:00:00,35.0766305551034,35.6318288816153,35.0237558447012,35.5657348632813,1685600,0,0
2012-05-24 00:00:00,35.5789576738721,36.2002500798829,35.4005007812113,35.8962135314941,2151300,0,0
2012-05-25 00:00:00,35.9887367352284,36.2068489770545,35.7375749683252,35.8036689758301,1283000,0,0
2012-05-29 00:00:00,35.9557023919336,36.259738967631,35.8367311194736,36.2531280517578,1146700,0,0
2012-05-30 00:00:00,36.0284071425743,36.0350180588742,35.645057200937,35.8433418273926,1925200,0,0
2012-05-31 00:00:00,35.7970695743849,36.2134689859579,35.5128607323474,36.0878868103027,2150100,0,0
2012-06-01 00:00:00,35.6384479242125,35.6516672360945,34.9708890627911,35.083251953125,2026600,0,0
2012-06-04 00:00:00,35.0634265464338,35.4005127424642,34.9246275345747,35.3939018249512,1324300,0,0
2012-06-05 00:00:00,35.3211814485297,35.625220488312,35.1427245734375,35.5657348632813,1290900,0,0
2012-06-06 00:00:00,35.711153567277,36.20686642644,35.6847174643294,36.1539916992188,1312500,0,0
2012-06-07 00:00:00,36.5968209503271,36.722403133141,36.3787086412867,36.4381942749023,1817200,0,0
2012-06-08 00:00:00,36.35227197338,37.0396609939948,36.021796773622,36.9405174255371,2597000,0,0
2012-06-11 00:00:00,37.2908081636197,37.6014555568618,37.0066019041751,37.0132102966309,2274300,0,0
2012-06-12 00:00:00,37.0661118069498,37.4560702504575,37.0661118069498,37.423023223877,2220300,0,0
2012-06-13 00:00:00,37.3172747873872,38.0112724971164,37.2511807279185,37.588264465332,1708800,0,0
2012-06-14 00:00:00,37.6940026038468,38.1368407075918,37.3569189904625,38.0046501159668,1429900,0,0
2012-06-15 00:00:00,38.1831068539565,38.3549528573196,38.0112583292676,38.1698875427246,3246300,0,0
2012-06-18 00:00:00,38.3020733673193,38.9762430282963,38.0641308374068,38.8638801574707,1460300,0,0
2012-06-19 00:00:00,39.0159019222232,39.0687791652958,38.0046486010542,38.1764945983887,3151500,0,0
2012-06-20 00:00:00,38.2293737745593,38.3020787267976,37.6212980551052,38.1037940979004,2069400,0,0
2012-06-21 00:00:00,38.0773571170626,38.1897174871303,37.1586363638704,37.1982917785645,1888600,0,0
2012-06-22 00:00:00,37.4296212658219,37.5618118479958,37.2181173428741,37.4428405761719,1237800,0,0
2012-06-25 00:00:00,36.9537422868124,37.4362358483741,36.9471338912079,37.3172645568848,1307700,0,0
2012-06-26 00:00:00,37.2313393151479,38.1104020850017,37.2049006925577,38.0046501159668,2453000,0,0
2012-06-27 00:00:00,38.0707392179096,38.7316895690631,38.037692204617,38.5730628967285,1718200,0,0
2012-06-28 00:00:00,38.4078236619991,38.5466226246715,37.9649856346261,38.3218994140625,1235300,0,0
2012-06-29 00:00:00,38.8969305305297,39.1679200971535,38.5003612939718,38.7713508605957,1857000,0,0
2012-07-02 00:00:00,38.9233677150115,39.6768507494496,38.7713494292323,39.663631439209,1680700,0,0
2012-07-03 00:00:00,39.5975444368269,39.8883617497567,39.3992597906781,39.8751449584961,1143700,0,0
2012-07-05 00:00:00,39.8222656012481,39.8222656012481,39.3265527514401,39.3926467895508,1362400,0,0
2012-07-06 00:00:00,39.1348674212466,39.3133243082866,39.0687733984875,39.2736663818359,797000,0,0
2012-07-09 00:00:00,39.1613238274444,39.604159527999,38.996086174164,39.5512847900391,819500,0,0
2012-07-10 00:00:00,39.7297292218816,39.7627762378448,39.0026822640635,39.234016418457,1796900,0,0
2012-07-11 00:00:00,39.2935044234042,39.3133321299117,38.7118673263674,39.1084365844727,1886500,0,0
2012-07-12 00:00:00,38.9299855848017,39.8024400459255,38.7118707088578,39.4389152526855,2747900,0,0
2012-07-13 00:00:00,39.4190843295921,40.1329120239271,39.4190843295921,40.0932540893555,1699900,0,0
2012-07-16 00:00:00,40.1064851244615,40.2585034694342,39.4587537984067,39.5050201416016,1415600,0,0
2012-07-17 00:00:00,39.6570342709348,40.0337758948026,39.4058723479142,39.8288803100586,1971800,0,0
2012-07-18 00:00:00,39.7099008049653,40.0998591161985,38.5928930276169,38.8771018981934,2648300,0,0
2012-07-19 00:00:00,39.0093010188315,39.1216613999498,38.6788257501406,39.0621757507324,1779300,0,0
2012-07-20 00:00:00,38.9696360546656,39.1943592977223,38.824228677153,38.9960746765137,1435700,0,0
2012-07-23 00:00:00,38.645777413005,38.896936793312,38.4144432199944,38.7845764160156,698900,0,0
2012-07-24 00:00:00,38.4474755722722,38.6986373780774,38.0839534320404,38.2822380065918,1533600,0,0
2012-07-25 00:00:00,38.4276564603321,38.5400193411985,38.0707426335692,38.1764945983887,1319700,0,0
2012-07-26 00:00:00,39.4983949942324,41.6068283945364,39.1150450713844,40.1130790710449,3117600,0,0
2012-07-27 00:00:00,40.2188378734077,40.9458849535021,40.2188378734077,40.7740364074707,1502600,0,0
2012-07-30 00:00:00,40.807089850481,41.3556775198758,40.721165569253,41.3292388916016,1157500,0,0
2012-07-31 00:00:00,41.2697353474381,41.76544806671,40.7608033197599,40.8996047973633,2883800,0,0
2012-08-01 00:00:00,40.9657207057571,41.5936243232509,40.7608250979734,40.8731880187988,1623400,0,0
2012-08-02 00:00:00,40.6682838819407,41.0912918029362,40.4766101511512,40.978931427002,1393200,0,0
2012-08-03 00:00:00,41.5275235961088,41.7258082536415,41.1639987824184,41.3226280212402,1581100,0,0
2012-08-06 00:00:00,41.5010848292004,41.6200561275833,41.1177323074498,41.1970481872559,885500,0,0
2012-08-07 00:00:00,41.3094000435579,41.3688856804736,40.3047551319395,41.0053634643555,1114700,0,0
2012-08-08 00:00:00,41.0318079330628,41.2300925772648,40.7872544345984,40.9194450378418,1547600,0,0
2012-08-09 00:00:00,40.8004612449788,40.9590904245289,40.6153959699414,40.8996047973633,847000,0,0
2012-08-10 00:00:00,40.7343742277912,41.3027919803639,40.7013272117564,41.2565231323242,1782300,0,0
2012-08-13 00:00:00,41.0648553013082,41.4085498641212,40.9855394258949,41.3094062805176,702900,0,0
2012-08-14 00:00:00,41.5209042474373,41.5936091954117,41.0912854755841,41.5539512634277,1346100,0,0
2012-08-15 00:00:00,41.461427488023,41.9307017710175,41.4548190919402,41.8381690979004,1744300,0,0
2012-08-16 00:00:00,41.9042543624296,41.9042543624296,41.2631316982981,41.3821029663086,1302100,0,0
2012-08-17 00:00:00,41.6398751899947,41.6993608268334,40.9326584638707,41.302791595459,1612800,0,0
2012-08-20 00:00:00,41.3490640167773,41.3622833292818,40.7608159562947,41.0450248718262,1030500,0,0
2012-08-21 00:00:00,41.1706093742529,41.6861499840271,40.8269147939614,40.9326667785645,1232500,0,0
2012-08-22 00:00:00,40.7542022811643,41.0648497814615,40.6616696269461,40.9260482788086,752200,0,0
2012-08-23 00:00:00,40.9723238800568,40.9987599846721,40.6087990766776,40.7409896850586,1129300,0,0
2012-08-24 00:00:00,40.668284522179,40.9987597808252,40.5360964357814,40.9062271118164,1053400,0,0
2012-08-27 00:00:00,40.9194302581743,41.0185738051287,40.6682684548614,41.011962890625,1099200,0,0
2012-08-28 00:00:00,40.9458805669792,41.3358414303343,40.9458805669792,41.2697448730469,1360200,0,0
2012-08-29 00:00:00,41.2432990007557,41.7522285040089,41.1838133739524,41.5208969116211,1603700,0,0
2012-08-30 00:00:00,41.3887196361928,41.8513854908176,41.2367013236338,41.7390251159668,1209400,0,0
2012-08-31 00:00:00,41.8513760456297,42.1289765042849,41.3358355784026,41.9439086914063,1805700,0,0
2012-09-04 00:00:00,41.9571396557345,42.1818629384687,41.534131716782,41.7786827087402,2998100,0,0
2012-09-05 00:00:00,41.9901969536327,42.0959489642494,41.6927711571855,42.0496826171875,2625200,0,0
2012-09-06 00:00:00,42.2611776022966,43.0278801456658,42.2611776022966,42.9089088439941,2205600,0,0
2012-09-07 00:00:00,42.8956753784013,43.1666623785904,42.5652002291727,42.6312942504883,2355200,0,0
2012-09-10 00:00:00,42.6313101375804,42.7436705199545,42.1025502060307,42.1355972290039,1259500,0,0
2012-09-11 00:00:00,42.1422047255324,42.5718261003184,42.0628913678245,42.3801498413086,1345700,0,0
2012-09-12 00:00:00,42.4197921504926,42.4330089382544,41.8976407875132,42.1289749145508,1101700,0,0
2012-09-13 00:00:00,42.0695002632257,42.6180903875454,42.0695002632257,42.3206596374512,1783500,0,0
2012-09-14 00:00:00,42.4792870008292,42.6379187537218,41.7456340536466,41.9637489318848,1785900,0,0
2012-09-17 00:00:00,41.9703446248207,42.4396187391298,41.9174673898604,42.4065742492676,2155800,0,0
2012-09-18 00:00:00,42.4462460145332,42.6445281580838,42.1355984427193,42.4264183044434,1751600,0,0
2012-09-19 00:00:00,42.446236846349,42.96177736794,42.3537041908148,42.8890724182129,1391200,0,0
2012-09-20 00:00:00,42.7172205138092,43.2459828258306,42.4991107245526,42.9882125854492,1599500,0,0
2012-09-21 00:00:00,43.1402309038874,43.6954318686896,43.1270141144963,43.1336250305176,6587500,0,0
2012-09-24 00:00:00,42.6048663605224,42.7833258099229,42.1818584664166,42.2810020446777,2461500,0,0
2012-09-25 00:00:00,42.366933406249,42.6907977956048,42.0628967285156,42.0628967285156,1665100,0,0
2012-09-26 00:00:00,41.9901843418041,42.479286298506,41.8976516754727,42.3272705078125,1147800,0,0
2012-09-27 00:00:00,42.5652118177046,42.9221256811606,42.314047408614,42.9022979736328,984700,0,0
2012-09-28 00:00:00,42.9749936410072,43.245985730851,42.3008264384117,42.3669204711914,2723300,0,0
2012-10-01 00:00:00,42.4330202112966,42.915516296523,41.924090543524,42.1554222106934,1639800,0,0
2012-10-02 00:00:00,42.2083010233079,42.7304525443316,42.0827188096313,42.6907920837402,1324100,0,0
2012-10-03 00:00:00,42.7965312338098,44.1448704291514,42.5585887262407,43.8871002197266,2482400,0,0
2012-10-04 00:00:00,44.6868621617771,44.6868621617771,43.1402354231275,43.4839324951172,1593900,0,0
2012-10-05 00:00:00,43.6491700678767,43.7615304386316,43.3319116204284,43.4905433654785,1311400,0,0
2012-10-08 00:00:00,43.3054662822825,43.457487087057,42.7767090087151,43.239372253418,873200,0,0
2012-10-09 00:00:00,43.1270211137868,43.1997260738659,42.2677859483521,42.3470993041992,1622600,0,0
2012-10-10 00:00:00,42.3801450141205,42.8494192323198,42.3603122646317,42.7833251953125,1818900,0,0
2012-10-11 00:00:00,43.2591967337366,43.3583402909699,42.2876014709473,42.2876014709473,1739200,0,0
2012-10-12 00:00:00,42.366924894296,42.7568883009161,42.1818595661314,42.7304496765137,1014200,0,0
2012-10-15 00:00:00,42.8560181626203,44.4224723034209,42.6841747027738,44.316722869873,1830800,0,0
2012-10-16 00:00:00,44.3828174523577,44.7066817151358,44.0986085973256,44.3960342407227,1310800,0,0
2012-10-17 00:00:00,44.4951869335099,44.6538136396964,43.9003304819953,44.0853958129883,1460700,0,0
2012-10-18 00:00:00,44.0655558937248,44.5150023055807,43.8474410815041,44.3233261108398,1247800,0,0
2012-10-19 00:00:00,44.2572372847855,44.3299422307288,43.3385166507578,43.4376602172852,1028700,0,0
2012-10-22 00:00:00,43.3583587754303,43.8210272255461,43.1270270716989,43.2459983825684,1271400,0,0
2012-10-23 00:00:00,42.9617754253975,43.4310495980029,42.4131853904984,43.1137962341309,1491600,0,0
2012-10-24 00:00:00,43.3781795276986,43.9267696532899,43.0741429026202,43.5962944030762,1912700,0,0
2012-10-25 00:00:00,42.9683954493026,43.8474558234656,41.9174814824163,43.6557846069336,3231000,0,0
2012-10-26 00:00:00,43.5830885727912,44.092018367347,43.4376786193028,43.9267807006836,1390800,0,0
2012-10-31 00:00:00,43.9532087233183,44.31012260228,43.8474542217064,44.1184463500977,1237300,0,0
2012-11-01 00:00:00,44.2638579887967,44.5018005840188,43.6954401271719,44.495189666748,1237300,0,0
2012-11-02 00:00:00,44.7661820866534,45.36103353579,44.6405998709834,44.7463493347168,1878100,0,0
2012-11-05 00:00:00,44.6339748202039,44.6339748202039,43.8738809348622,44.1779174804688,1570200,0,0
2012-11-06 00:00:00,44.3894331346683,44.7066865160069,44.1514905773385,44.4356994628906,1541000,0,0
2012-11-07 00:00:00,44.5216272048206,45.400692602199,44.3167341583084,44.4753608703613,2856700,0,0
2012-11-08 00:00:00,44.3431642697977,44.6736395022486,44.1382712393267,44.1514930725098,1550800,0,0
2012-11-09 00:00:00,44.039132550346,44.4885791180835,43.8144117878034,44.1713256835938,1539400,0,0
2012-11-12 00:00:00,44.1382665978324,44.1647052187665,43.81440231603,43.9532012939453,1118700,0,0
2012-11-13 00:00:00,43.8210211866862,44.5811102452502,43.7284885179453,44.0589637756348,934000,0,0
2012-11-14 00:00:00,44.0853839447144,44.1713107128659,43.1534466237728,43.2525901794434,1435800,0,0
2012-11-15 00:00:00,43.2261534944759,43.3252970545794,42.1289760245848,42.4396209716797,1976200,0,0
2012-11-16 00:00:00,42.4859043983586,43.2790481558455,42.3933717163831,43.0807609558105,2406600,0,0
2012-11-19 00:00:00,43.4046187012662,43.801187998003,43.2063365742239,43.5368118286133,1047400,0,0
2012-11-20 00:00:00,43.5698519195847,43.9598153024826,43.3583479798839,43.6029014587402,927700,0,0
2012-11-21 00:00:00,43.6028956460445,44.0787807075941,43.3451254114803,43.9796371459961,909100,0,0
2012-11-23 00:00:00,44.0523564611586,44.6472129821777,43.814413852751,44.6472129821777,502600,0,0
2012-11-26 00:00:00,44.4621389507759,44.6405984138134,43.708655766656,44.0589637756348,1555800,0,0
2012-11-27 00:00:00,43.9994676655069,44.2043606746441,43.7350864985436,43.946590423584,1045700,0,0
2012-11-28 00:00:00,43.8342433770864,44.1713295933897,43.1071987291533,44.1581077575684,1117900,0,0
2012-11-29 00:00:00,44.3035165090949,44.680258137466,44.0721848149465,44.5745086669922,1199700,0,0
2012-11-30 00:00:00,44.5612672772329,45.0768076958646,44.3233247697644,44.6273612976074,1636300,0,0
2012-12-03 00:00:00,44.8454930380089,44.938025710006,44.4224850966933,44.5943336486816,863800,0,0
2012-12-04 00:00:00,44.7265170119682,44.8058328835762,44.3828249869705,44.4092636108398,1283300,0,0
2012-12-05 00:00:00,44.4092661868781,44.5348433542269,43.6029057613703,44.1184463500977,1328600,0,0
2012-12-06 00:00:00,44.2638521171365,44.4621342250843,43.8077946963487,44.4423065185547,1394400,0,0
2012-12-07 00:00:00,44.5745052125608,45.3742547461537,44.5480665863281,45.2420616149902,1167400,0,0
2012-12-10 00:00:00,45.4601631633475,45.4601631633475,44.7331188045152,44.865306854248,1040700,0,0
2012-12-11 00:00:00,44.9181939256545,45.3412018285945,44.8190503453228,45.3345909118652,1693800,0,0
2012-12-12 00:00:00,45.5064225470689,46.9142497710741,45.3544068173177,46.5705528259277,2182200,0,0
2012-12-13 00:00:00,46.4714244167878,46.9737481695514,46.4317690035295,46.5837898254395,1622600,0,0
2012-12-14 00:00:00,46.385500021371,47.3901424267978,46.3590613998267,47.0332336425781,1765400,0,0
2012-12-17 00:00:00,47.0927277083575,47.3703257351386,46.8349573916818,47.0861167907715,1361800,0,0
2012-12-18 00:00:00,47.2249004099885,47.2777776481346,46.762237182837,47.0993232727051,1825900,0,0
2012-12-19 00:00:00,47.2513516153955,47.2579625325875,46.6829337605424,46.6895446777344,981500,0,0
2012-12-20 00:00:00,46.9010446891462,47.2843971715173,46.7688566123675,47.2777862548828,1020800,0,0
2012-12-21 00:00:00,46.9340856854866,47.4826706426373,46.9340856854866,47.0993232727051,2322700,0,0
2012-12-24 00:00:00,46.9869731975918,47.2447485569201,46.782080136299,47.0861167907715,461700,0,0
2012-12-26 00:00:00,47.0530693251737,47.1257742860836,46.0880821671394,46.8481712341309,744200,0,0
2012-12-27 00:00:00,46.8217350751413,47.1918708163633,46.3260221569918,47.0001945495605,811200,0,0
2012-12-28 00:00:00,46.7159756243653,47.1852498148058,46.6234429694983,46.6961479187012,759700,0,0
2012-12-31 00:00:00,46.7291838517286,47.7867083581271,46.7159670645913,47.6941757202148,1396400,0,0
2013-01-02 00:00:00,48.434456497874,49.6373863220215,48.1832970990397,49.6373863220215,3797900,0,0
2013-01-03 00:00:00,49.5382362681125,49.5382362681125,48.4278392642838,48.6459541320801,2517000,0,0
2013-01-04 00:00:00,48.6327351623385,48.8045786480677,48.2625994825446,48.6062965393066,1704300,0,0
2013-01-07 00:00:00,48.3881888203902,48.6459591296668,47.9651808747746,48.090763092041,1585200,0,0
2013-01-08 00:00:00,48.1766942875705,48.2956656107525,47.7536862590685,48.0312843322754,1376600,0,0
2013-01-09 00:00:00,48.2229470508634,48.6195163355565,47.8395945571775,47.9783935546875,2423400,0,0
2013-01-10 00:00:00,48.3353090694392,48.5071576142964,47.8594289371958,48.3683586120605,1960500,0,0
2013-01-11 00:00:00,48.4146132312027,48.4344409349169,48.0444826481347,48.1039657592773,1412200,0,0
2013-01-14 00:00:00,47.945343254248,48.3220847855169,47.9189046327808,48.2097244262695,1121700,0,0
2013-01-15 00:00:00,48.1700573345992,48.4212216826007,47.8329763033089,48.3881721496582,1884500,0,0
2013-01-16 00:00:00,48.3286895811809,49.2209715114344,48.1105747636864,48.916934967041,2075000,0,0
2013-01-17 00:00:00,48.9433774472965,49.1945367752707,48.6988239923852,48.910327911377,1386200,0,0
2013-01-18 00:00:00,48.8310243058472,49.2077659136848,48.7517134679777,49.1020164489746,1660100,0,0
2013-01-22 00:00:00,49.1350442809933,49.5712739118903,48.969806701287,49.4126472473145,1023300,0,0
2013-01-23 00:00:00,49.3531557095478,49.8620902440017,49.2804507760544,49.6571922302246,1199300,0,0
2013-01-24 00:00:00,49.5118202315171,49.9017787309274,48.4476891823195,49.1218566894531,3028900,0,0
2013-01-25 00:00:00,49.2936719172447,49.2936719172447,48.3881682398819,48.5467948913574,2162300,0,0
2013-01-28 00:00:00,48.7186565434158,48.8376278248496,48.4476694839924,48.5005416870117,1689400,0,0
2013-01-29 00:00:00,48.7120362710196,48.7318690163258,47.8990702062427,47.958553314209,2060300,0,0
2013-01-30 00:00:00,47.9519517042489,47.9519517042489,46.8415548729842,46.8878211975098,4862700,0,0
2013-01-31 00:00:00,46.8481567514273,47.1389765051628,46.2599113714811,46.6102142333984,2983500,0,0
2013-02-01 00:00:00,46.7556299724998,47.3967526685368,46.7424131832414,47.2513427734375,1647300,0,0
2013-02-04 00:00:00,46.9935788708689,47.324054116153,46.3392392971489,46.3921165466309,2679700,0,0
2013-02-05 00:00:00,46.5970019677955,47.0993256704545,46.5309079380735,46.9671325683594,1925100,0,0
2013-02-06 00:00:00,46.7688563305968,46.8217285353986,46.4780365122533,46.5903968811035,1979600,0,0
2013-02-07 00:00:00,46.6565008621083,46.8019108022685,46.2070592909266,46.4780464172363,1511200,0,0
2013-02-08 00:00:00,46.4780373141355,46.9539224641254,46.3524551099293,46.7886848449707,2500200,0,0
2013-02-11 00:00:00,46.7556320805663,46.7556320805663,46.2599192572785,46.2863578796387,1616200,0,0
2013-02-12 00:00:00,46.2863642070562,46.3260196246917,45.0768235426514,45.149528503418,3238900,0,0
2013-02-13 00:00:00,45.1495275689532,45.1957939027877,44.6141592713457,44.9710731506348,4127200,0,0
2013-02-14 00:00:00,44.7331310825543,44.8322746683916,43.708655766656,44.0589637756348,7042200,0,0
2013-02-15 00:00:00,44.0721796207912,44.9975113309821,43.9532083288716,44.8785400390625,4525600,0,0
2013-02-19 00:00:00,44.9446314680428,45.0437750459879,44.0853938493871,44.3101196289063,2546700,0,0
2013-02-20 00:00:00,44.3101190829261,44.6405943102367,44.2506309198313,44.3696022033691,2474500,0,0
2013-02-21 00:00:00,44.1316621594554,44.997510733516,43.9664245363529,44.9446334838867,3077900,0,0
2013-02-22 00:00:00,44.9776693092783,46.7027499718041,44.9776693092783,46.2466926574707,3814900,0,0
2013-02-25 00:00:00,46.4317614974713,47.4033593064489,45.9757041481183,45.9823150634766,2192500,0,0
2013-02-26 00:00:00,46.0153699175068,46.3392342103914,45.9889312956681,46.1012916564941,1817700,0,0
2013-02-27 00:00:00,45.9492709865234,46.5903937008437,45.9228374072527,46.5176887512207,2215600,0,0
2013-02-28 00:00:00,46.5243005282047,46.6366608914642,46.1145094448063,46.1343421936035,2512000,0,0
2013-03-01 00:00:00,46.074864685596,46.5110944922674,45.8831884107845,46.359073638916,2271000,0,0
2013-03-04 00:00:00,46.2599126307875,47.0067897381853,46.1607690718014,46.9076461791992,1579600,0,0
2013-03-05 00:00:00,47.0530486713496,47.5751999602095,46.9935605282389,47.3240356445313,1572900,0,0
2013-03-06 00:00:00,47.4694615256088,47.8990803303346,47.4496338187625,47.6743545532227,1609700,0,0
2013-03-07 00:00:00,47.5884496389057,47.8924863509247,47.449650599244,47.6413269042969,1473200,0,0
2013-03-08 00:00:00,47.8858707866185,48.0048421008803,46.9737607390464,47.4496459960938,1217000,0,0
2013-03-11 00:00:00,47.3042259680563,47.4760745059474,47.0068002671292,47.2976150512695,1192900,0,0
2013-03-12 00:00:00,47.2579509949377,47.3504836424248,46.5970006313721,46.6829223632813,1736500,0,0
2013-03-13 00:00:00,46.6829280813034,47.0530637592395,46.4582073506384,46.9010429382324,1482500,0,0
2013-03-14 00:00:00,47.0530718043998,47.2116985262649,46.8085182827578,47.0001945495605,839300,0,0
2013-03-15 00:00:00,46.7754548734367,46.8349430281615,46.2004312861196,46.2599143981934,1949300,0,0
2013-03-18 00:00:00,45.8765790775938,46.3392424352624,45.6320255641675,46.0418167114258,1191200,0,0
2013-03-19 00:00:00,46.2731362293105,46.4515906081827,46.0351936957134,46.2599143981934,1580700,0,0
2013-03-20 00:00:00,46.4185499541,46.7688528679041,46.2400905178196,46.6961479187012,1485700,0,0
2013-03-21 00:00:00,46.3524588600929,46.9935816811078,46.2995866501012,46.3656806945801,1671200,0,0
2013-03-22 00:00:00,46.4978602372181,47.1918601833197,46.4119384994532,46.7556304931641,1349600,0,0
2013-03-25 00:00:00,46.9274950751887,47.0861218156126,46.2334948915225,46.5375366210938,1147700,0,0
2013-03-26 00:00:00,46.78868285081,46.8151214738662,46.4251580871025,46.5837898254395,1612200,0,0
2013-03-27 00:00:00,46.4582242935342,46.7159946574926,46.1806262158335,46.7027778625488,1290100,0,0
2013-03-28 00:00:00,46.7093654744192,46.7291931804086,45.8897883567313,46.0285873413086,2782800,0,0
2013-04-01 00:00:00,46.0616372884739,46.3788906724225,46.0219768334916,46.1277313232422,1935400,0,0
2013-04-02 00:00:00,46.3855070069424,46.7490318046086,46.3855070069424,46.6631050109863,1442200,0,0
2013-04-03 00:00:00,46.6168239829976,46.715967536806,45.8435133400636,46.0087509155273,1661300,0,0
2013-04-04 00:00:00,46.068239064429,46.742411269994,46.068239064429,46.4515914916992,1478600,0,0
2013-04-05 00:00:00,46.0616451083056,46.9407055009994,45.9360628910698,46.815128326416,2216400,0,0
2013-04-08 00:00:00,46.7357974774412,47.6677398681641,46.7291865621639,47.6677398681641,1005600,0,0
2013-04-09 00:00:00,47.7933310525213,47.9387409754646,47.2050854861798,47.8065528869629,1258900,0,0
2013-04-10 00:00:00,47.9122984915435,48.4807163031085,47.8528153693028,48.3815727233887,1406500,0,0
2013-04-11 00:00:00,48.3683366126772,48.9433651112444,48.315459385594,48.712028503418,1007500,0,0
2013-04-12 00:00:00,48.5930819424268,48.8178077503352,48.1965126232,48.5071601867676,1477100,0,0
2013-04-15 00:00:00,48.5401929414828,49.1813155564224,48.3551276593664,48.3881721496582,1861600,0,0
2013-04-16 00:00:00,48.6195167976894,48.9367752540507,48.1370257602331,48.9301643371582,1546900,0,0
2013-04-17 00:00:00,48.7054494527065,48.7715435016316,48.0841542989746,48.1370315551758,2217900,0,0
2013-04-18 00:00:00,48.2361637517794,49.1813230517618,48.0775320206603,49.1416625976563,2262400,0,0
2013-04-19 00:00:00,49.2936796289774,49.6439825170035,49.1152202058295,49.5778884887695,1293800,0,0
2013-04-22 00:00:00,49.5845034719077,49.6836470537999,49.1747173959763,49.2672500610352,968600,0,0
2013-04-23 00:00:00,49.4390940457185,49.6373761485848,48.9830366366185,49.4919662475586,1559300,0,0
2013-04-24 00:00:00,49.4721314515902,49.4721314515902,48.4080010112938,48.8442306518555,1446300,0,0
2013-04-25 00:00:00,49.743145441007,52.2150993661449,49.743145441007,51.7920913696289,5051300,0,0
2013-04-26 00:00:00,51.7854632147055,51.9507008159284,51.1377346417968,51.1443405151367,1912100,0,0
2013-04-29 00:00:00,51.2501015547831,51.6334540488835,50.9791094336477,51.1245193481445,1583100,0,0
2013-04-30 00:00:00,51.2170566484433,51.4946597115388,50.6618606075573,50.8931922912598,2605700,0,0
2013-05-01 00:00:00,50.9394390184621,51.6863110362309,50.7543737427424,50.8072509765625,2551600,0,0
2013-05-02 00:00:00,51.0848708099018,51.6929441317961,50.9923381323376,51.2104530334473,1880000,0,0
2013-05-03 00:00:00,51.567342234192,51.9639164640545,51.4285432708005,51.7061462402344,1476100,0,0
2013-05-06 00:00:00,51.6268447820737,51.7259883671859,51.104693273625,51.5144844055176,1030200,0,0
2013-05-07 00:00:00,51.5144753863888,51.9573109406859,51.4219427345253,51.8185119628906,729700,0,0
2013-05-08 00:00:00,51.7127751745375,52.3935535073357,51.6532920391216,52.3869476318359,1428500,0,0
2013-05-09 00:00:00,52.2613553584109,52.4199820650269,52.0234127771609,52.2283058166504,1120600,0,0
2013-05-10 00:00:00,52.1820489766842,52.6182788025518,51.8647955057377,52.0234222412109,914400,0,0
2013-05-13 00:00:00,51.8779959496193,52.4133692074268,51.8647791602673,52.0101890563965,916400,0,0
2013-05-14 00:00:00,52.3142244524355,53.6427361501927,52.0894986973329,52.7240104675293,1323300,0,0
2013-05-15 00:00:00,52.5191372521715,52.8430016538464,52.2217114812164,52.4993095397949,772400,0,0
2013-05-16 00:00:00,52.3274465173233,52.419979177974,51.3955089942974,51.4021148681641,2090900,0,0
2013-05-17 00:00:00,51.256715788485,51.9639326562234,51.0386009026253,51.4682197570801,2695200,0,0
2013-05-20 00:00:00,51.5673509362756,51.9110479878025,50.668462980144,50.714729309082,3060300,0,0
2013-05-21 00:00:00,50.8733500014854,50.9394440289363,50.5494857371202,50.8138618469238,1707900,0,0
2013-05-22 00:00:00,50.7477741465494,50.8270900149699,48.8178000655139,48.9433822631836,2159600,0,0
2013-05-23 00:00:00,48.4939358132916,48.6856120468602,48.084144723319,48.5005416870117,2965800,0,0
2013-05-24 00:00:00,48.3683630332256,48.7649323676701,48.0973708783861,48.7252769470215,1729500,0,0
2013-05-28 00:00:00,49.2474282813941,49.5580758554798,48.3948014427287,48.4675064086914,2273700,0,0
2013-05-29 00:00:00,48.1238046684252,48.3287027540341,46.1806136122027,47.4165878295898,4659300,0,0
2013-05-30 00:00:00,47.5487807102521,48.2493866284688,47.5223420850634,47.588436126709,2519900,0,0
2013-05-31 00:00:00,47.3703103389003,48.0048220693085,47.0927124023438,47.0927124023438,3280000,0,0
2013-06-03 00:00:00,47.0927082148025,47.2248962558891,46.6102122838004,46.8415489196777,2798700,0,0
2013-06-04 00:00:00,46.8481632163716,47.3967532665675,46.1012910688897,46.1673851013184,3315200,0,0
2013-06-05 00:00:00,46.1012877965891,46.3061807953701,45.7642016996825,46.1078987121582,3506700,0,0
2013-06-06 00:00:00,46.1079100311497,46.768860556081,46.0814714050341,46.6895446777344,3516000,0,0
2013-06-07 00:00:00,46.3260093069535,46.8085052988834,46.3260093069535,46.4515914916992,4203300,0,0
2013-06-10 00:00:00,46.4978679530616,46.6432778739095,45.5791471360529,45.744384765625,2708300,0,0
2013-06-11 00:00:00,45.4139023858356,46.0418083053488,45.3015420255806,45.8369102478027,2118500,0,0
2013-06-12 00:00:00,46.0285918880271,46.0285918880271,44.9248057759388,44.9446334838867,2261900,0,0
2013-06-13 00:00:00,45.1296863103182,46.1211117742273,44.7463339207038,46.0946731567383,5231800,0,0
2013-06-14 00:00:00,46.0946798498558,46.9010401510792,46.0087581125285,46.4912490844727,3132200,0,0
2013-06-17 00:00:00,46.755630255101,46.8944292350843,46.3326223991562,46.4912490844727,2731200,0,0
2013-06-18 00:00:00,46.4912397065341,47.376915693088,46.4912397065341,47.1455841064453,1573900,0,0
2013-06-19 00:00:00,47.0993333615842,47.1786441931412,45.9096204617089,45.9624977111816,2571600,0,0
2013-06-20 00:00:00,45.5328820873407,45.5328820873407,44.5150176553134,44.7463493347168,3659900,0,0
2013-06-21 00:00:00,44.9975227936418,45.4403585320078,44.3233502868083,45.2949485778809,3083200,0,0
2013-06-24 00:00:00,44.7463451710321,44.9248046232892,44.2506323144431,44.5017967224121,1967400,0,0
2013-06-25 00:00:00,44.8851560742687,45.3940857994483,44.6670411737692,45.1561431884766,1493700,0,0
2013-06-26 00:00:00,45.3874680478062,46.3921155967856,45.2024027210606,46.3524551391602,2958400,0,0
2013-06-27 00:00:00,46.623454979508,48.4410690924875,46.5837995579646,47.8990898132324,4992600,0,0
2013-06-28 00:00:00,47.806543625307,48.0775306670323,47.5289456676416,47.8461990356445,5256700,0,0
2013-07-01 00:00:00,47.9189133604197,48.4410648835343,47.7140203100446,47.7933311462402,3484400,0,0
2013-07-02 00:00:00,47.6941757202148,48.011429038014,47.3637005726279,47.6941757202148,1982900,0,0
2013-07-03 00:00:00,47.5091204491675,47.9916165362302,47.1786451969101,47.8528175354004,925700,0,0
2013-07-05 00:00:00,48.0180613894678,48.0180613894678,46.9274919070412,47.7272415161133,1178000,0,0
2013-07-08 00:00:00,47.8329794534865,48.5798515462583,47.8065408339215,48.460880279541,2272500,0,0
2013-07-09 00:00:00,48.844228635481,48.844228635481,47.8858476659247,48.0444793701172,2046700,0,0
2013-07-10 00:00:00,48.097366843425,49.6968709249888,48.0180560087812,49.4655342102051,3505500,0,0
2013-07-11 00:00:00,50.1661430548867,51.1972242026652,50.1661430548867,50.708122253418,3532800,0,0
2013-07-12 00:00:00,50.8270762531099,51.269911719257,50.4371129756092,51.0914573669434,2178700,0,0
2013-07-15 00:00:00,51.3029711025051,51.5541304354258,50.3313732220902,51.1311225891113,1768800,0,0
2013-07-16 00:00:00,51.0716544725614,51.1377535716398,50.1661553099654,50.4635810852051,1970300,0,0
2013-07-17 00:00:00,49.9149815283475,50.5957648062773,48.8244171940539,50.5230598449707,4825100,0,0
2013-07-18 00:00:00,50.6354164474808,50.9328421450764,50.2454530438633,50.5164451599121,1928700,0,0
2013-07-19 00:00:00,50.5627123392129,50.9658925403626,50.3379915937338,50.708122253418,1337000,0,0
2013-07-22 00:00:00,50.8204909754216,50.8601463975736,50.0802244917834,50.6288146972656,1372600,0,0
2013-07-23 00:00:00,50.8535364804789,51.0386018260162,50.509839373636,50.7940483093262,1240900,0,0
2013-07-24 00:00:00,50.866748958618,50.932842998897,50.3379915937338,50.708122253418,1642400,0,0
2013-07-25 00:00:00,50.8204799549095,50.8204799549095,48.4741038284452,48.7054405212402,3543400,0,0
2013-07-26 00:00:00,48.593084723776,49.0954085796297,48.3881916563559,48.4807243347168,1725300,0,0
2013-07-29 00:00:00,48.5071449794464,48.8574478523186,47.839583725064,47.9122886657715,2278800,0,0
2013-07-30 00:00:00,48.1832943419967,48.2295606770992,47.5091219817584,47.5355606079102,2001800,0,0
2013-07-31 00:00:00,47.8197613686826,47.9783880558491,45.8435210458929,46.4317665100098,4505200,0,0
2013-08-01 00:00:00,46.6234425829833,46.7490247746838,45.9162258451328,46.0153694152832,3051900,0,0
2013-08-02 00:00:00,46.0352104865942,46.3061976115217,45.6849074739876,45.8038787841797,3348800,0,0
2013-08-05 00:00:00,46.2400960555078,46.8217306761357,45.7179445589959,46.6366653442383,2457200,0,0
2013-08-06 00:00:00,46.4978619520661,46.577177819379,45.9426660088302,46.1277313232422,1808200,0,0
2013-08-07 00:00:00,45.6716772629885,46.1673901241121,45.1429199033812,45.1693534851074,2397000,0,0
2013-08-08 00:00:00,45.209019532331,45.4932284762189,45.0173432638808,45.4006958007813,1676300,0,0
2013-08-09 00:00:00,45.202406934565,45.8369188465465,45.0569970092385,45.4469604492188,1605900,0,0
2013-08-12 00:00:00,45.1891929072453,45.4535691047562,44.3696105584727,44.5745086669922,2305600,0,0
2013-08-13 00:00:00,44.7331379056171,44.819059670367,44.1052368372954,44.7199211120605,2366400,0,0
2013-08-14 00:00:00,44.6405981892671,44.8322744428811,44.4951882697907,44.7926139831543,1771200,0,0
2013-08-15 00:00:00,44.3299491312892,45.1164818274824,44.2109778414671,45.1098709106445,2461200,0,0
2013-08-16 00:00:00,44.9248063258051,45.2618924930027,44.7860073258184,44.8851509094238,2113300,0,0
2013-08-19 00:00:00,44.7463421608537,45.6452351504101,44.7463421608537,45.2751045227051,1869000,0,0
2013-08-20 00:00:00,45.3147661218449,45.7972622211095,44.9909017783851,45.5791473388672,1589400,0,0
2013-08-21 00:00:00,45.4138998042381,45.585748314222,45.103252320185,45.1164741516113,1112100,0,0
2013-08-22 00:00:00,45.0636052671405,45.1495270167389,44.819051766919,45.0305557250977,839200,0,0
2013-08-23 00:00:00,45.2684878547704,46.1806025609408,45.0437671572595,46.0880699157715,1149600,0,0
2013-08-26 00:00:00,46.0550259137285,46.2863575544406,45.5593130939235,45.5989685058594,799900,0,0
2013-08-27 00:00:00,45.2354470710555,46.3987161464399,45.2354470710555,46.2334785461426,2459200,0,0
2013-08-28 00:00:00,46.2136503357979,46.4317651760427,46.0682404423014,46.1475563049316,1931100,0,0
2013-08-29 00:00:00,45.9757136221347,46.5705700606853,45.9360582071153,46.2070503234863,889000,0,0
2013-08-30 00:00:00,46.3326252155303,46.4251578744772,45.7443797225172,45.8831787109375,1303500,0,0
2013-09-03 00:00:00,45.8170896323989,46.3524579374696,45.598974751573,45.7576065063477,1103400,0,0
2013-09-04 00:00:00,45.7245704259497,46.2995993603437,45.6188158916297,46.2268943786621,1263600,0,0
2013-09-05 00:00:00,46.1277179987705,46.3987049758387,45.4006737410301,45.7509765625,1716700,0,0
2013-09-06 00:00:00,45.9955451542879,47.5884383587124,45.9492788187008,46.6300621032715,4950000,0,0
2013-09-09 00:00:00,47.7206152194116,47.9122914339283,47.1323697870832,47.8858528137207,4295800,0,0
2013-09-10 00:00:00,47.9982138827201,48.5864592620119,47.9585534346589,48.3881721496582,2163000,0,0
2013-09-11 00:00:00,48.3287066172247,48.3948006644954,48.1502471426759,48.2692184448242,1211200,0,0
2013-09-12 00:00:00,48.289045218316,48.289045218316,46.7886896994899,46.815128326416,3618700,0,0
2013-09-13 00:00:00,46.8415611664957,46.9803601587211,46.0880780414713,46.173999786377,2947000,0,0
2013-09-16 00:00:00,46.8283394055304,46.9539216074454,46.4119424282124,46.5970077514648,2444700,0,0
2013-09-17 00:00:00,46.6564784071671,46.7820605755291,46.3987081982717,46.5639457702637,1723900,0,0
2013-09-18 00:00:00,46.3326297558906,46.9803634746452,45.7906505392397,46.6631050109863,4906200,0,0
2013-09-19 00:00:00,46.8481579148773,47.3703092844831,46.7027530770493,47.0662727355957,2391000,0,0
2013-09-20 00:00:00,46.9274861297246,47.2381336757175,46.5705722498168,46.676326751709,2555800,0,0
2013-09-23 00:00:00,46.5375212307364,46.9605290937434,46.5044716928618,46.6961479187012,1341400,0,0
2013-09-24 00:00:00,46.7556367397588,46.8349526147432,46.4317724082135,46.4846496582031,1177100,0,0
2013-09-25 00:00:00,46.4515912458311,47.2182960963134,46.3061813574534,47.2116851806641,1701700,0,0
2013-09-26 00:00:00,47.2976117737859,48.2890374317115,47.2777840674517,48.249382019043,2189800,0,0
2013-09-27 00:00:00,48.2229578434839,48.4344618454997,47.9255320740612,48.0577201843262,2116100,0,0
2013-09-30 00:00:00,47.9255263734249,48.3419234096178,47.5752233845027,48.2692184448242,1823800,0,0
2013-10-01 00:00:00,48.3881822555991,48.3881822555991,47.535555562647,47.6743545532227,2169900,0,0
2013-10-02 00:00:00,47.3571069895302,47.6082663782616,47.1323811847475,47.3042297363281,1829500,0,0
2013-10-03 00:00:00,47.1588213187482,47.3042312483757,46.8547846670964,46.9935836791992,2156600,0,0
2013-10-04 00:00:00,47.0662977140179,47.3571176293159,46.5309292723587,46.7027778625488,1748100,0,0
2013-10-07 00:00:00,47.0001807567269,47.3901390507594,46.6102174200432,47.1257629394531,986300,0,0
2013-10-08 00:00:00,47.0266267069278,47.0993316616657,46.273143578419,46.4383811950684,1140700,0,0
2013-10-09 00:00:00,46.577181681198,46.7622470109541,46.180612397056,46.5573539733887,2385100,0,0
2013-10-10 00:00:00,46.7953007109379,47.0001937667114,46.266538256658,46.8019065856934,1927200,0,0
2013-10-11 00:00:00,46.8217310309198,47.1984776571184,46.5705716561061,47.1720390319824,1573100,0,0
2013-10-14 00:00:00,46.9605368314634,47.548782395466,46.9010486620176,47.5421714782715,1685000,0,0
2013-10-15 00:00:00,47.403374545964,47.8990874615294,47.357108208884,47.5950508117676,1531500,0,0
2013-10-16 00:00:00,47.84620578214,49.135057226356,47.8395948652678,49.0887908935547,2036800,0,0
2013-10-17 00:00:00,49.0226812272567,50.8270777166762,48.9565872075577,50.7675895690918,3120300,0,0
2013-10-18 00:00:00,50.8469257545434,51.0386020181867,49.9414216902949,50.2058029174805,3262200,0,0
2013-10-21 00:00:00,48.9301556519597,49.8092208644948,48.1237953843802,49.3465576171875,6638200,0,0
2013-10-22 00:00:00,49.9149844692799,50.1661489113744,49.1945507736253,49.4853706359863,5632100,0,0
2013-10-23 00:00:00,48.9433774472965,49.2408030999673,48.4807091576792,48.910327911377,29454800,0,0
2013-10-24 00:00:00,49.0293032807415,50.7081179842791,48.9499874134931,50.6155853271484,10423700,0,0
2013-10-25 00:00:00,50.2652991033363,50.5495080854119,49.9612573658713,50.3049545288086,3457200,0,0
2013-10-28 00:00:00,50.3644186995353,50.4966118057472,49.7034682964304,50.1463088989258,3264400,0,0
2013-10-29 00:00:00,50.1264886810751,50.6089848147174,49.7761856866888,50.5891571044922,3640000,0,0
2013-10-30 00:00:00,50.5957468013959,50.7279348425573,50.0735954663023,50.5428695678711,3726500,0,0
2013-10-31 00:00:00,50.6420310447087,50.7345637148035,49.7166993011078,50.2454566955566,5070100,0,0
2013-11-01 00:00:00,50.1925933701076,50.4173141679273,48.9169584292657,49.6902694702148,3965700,0,0
2013-11-04 00:00:00,49.8555004716201,50.0273490275397,49.4391034381079,49.7233123779297,1891600,0,0
2013-11-05 00:00:00,49.5778958553504,50.3842562305117,49.5778958553504,50.3247680664063,2756900,0,0
2013-11-06 00:00:00,50.38425658747,50.6552436582094,50.2388466771285,50.4305229187012,2210800,0,0
2013-11-07 00:00:00,50.5626841623865,50.794015695776,49.7166688159051,49.8224182128906,2420200,0,0
2013-11-08 00:00:00,49.9810777994765,49.9810777994765,47.9783935817407,49.2672500610352,3416600,0,0
2013-11-11 00:00:00,49.4060561503217,49.5712937963094,49.1020194868226,49.3267402648926,1282100,0,0
2013-11-12 00:00:00,49.2342018532659,49.5184107729749,48.916948433799,49.1152305603027,1582600,0,0
2013-11-13 00:00:00,49.1548967437754,49.3333511826749,48.65257288803,49.3267402648926,1470200,0,0
2013-11-14 00:00:00,49.3862082196449,50.2454406013974,49.3399418994171,49.9017486572266,2052700,0,0
2013-11-15 00:00:00,49.7431438051885,50.4701884601254,49.6638279174551,50.2917289733887,1701200,0,0
2013-11-18 00:00:00,50.2851179428724,50.8270971801879,50.0009090109477,50.4437446594238,1830700,0,0
2013-11-19 00:00:00,50.3247576022245,50.7345486211971,49.7431231285722,49.914966583252,1564200,0,0
2013-11-20 00:00:00,49.8422643677517,50.4767760483966,49.1152150061944,49.4456901550293,2274700,0,0
2013-11-21 00:00:00,49.5250171543785,49.6241607298767,48.9169439538788,49.1945419311523,1414500,0,0
2013-11-22 00:00:00,49.1879388070316,49.3465705700196,48.3948001627016,49.0359230041504,1855900,0,0
2013-11-25 00:00:00,49.0425307869071,49.2209902665483,48.7318882516051,48.8244209289551,1828100,0,0
2013-11-26 00:00:00,48.6459458894902,49.5712774096675,48.3154707067591,49.3002853393555,3782100,0,0
2013-11-27 00:00:00,49.22097987148,49.5117996775341,48.8838937365219,49.2738571166992,1065200,0,0
2013-11-29 00:00:00,49.207756081398,49.4324818433145,48.9367690350694,49.0623512268066,906900,0,0
2013-12-02 00:00:00,48.9764250473779,49.802613071263,48.7715320311029,49.5712814331055,2239900,0,0
2013-12-03 00:00:00,49.4192647757188,49.7695727631457,49.1945440347884,49.6770401000977,2244800,0,0
2013-12-04 00:00:00,49.3994255704741,49.3994255704741,48.7847415703516,49.2474098205566,2664300,0,0
2013-12-05 00:00:00,49.2275907877953,49.4787501386092,48.8772828202066,49.2738571166992,1888800,0,0
2013-12-06 00:00:00,49.3663848683824,49.8554867314234,49.3135076284182,49.8356590270996,1366500,0,0
2013-12-09 00:00:00,49.8224438725486,50.0405587346424,49.4919686424617,49.7960052490234,1900200,0,0
2013-12-10 00:00:00,49.7893988775954,50.2851117177723,49.5977226409422,49.7100830078125,1576800,0,0
2013-12-11 00:00:00,49.4324836288405,49.6638152725137,48.9103321801772,49.0028648376465,1554100,0,0
2013-12-12 00:00:00,48.9103327240121,49.1813248257936,48.8111891491493,48.9433822631836,1488900,0,0
2013-12-13 00:00:00,48.910309354333,49.2275676337754,48.6393173820332,48.8508262634277,1726800,0,0
2013-12-16 00:00:00,48.7583100644003,48.7583100644003,46.9076519215912,47.7007904052734,7999400,0,0
2013-12-17 00:00:00,47.7272387255022,47.8594318614126,47.1059435933548,47.3306694030762,2534100,0,0
2013-12-18 00:00:00,47.2447542327903,47.7338562972097,46.5507540398095,47.7206344604492,3814200,0,0
2013-12-19 00:00:00,47.7272305674173,48.2956483480401,47.5355543351002,48.249382019043,2743400,0,0
2013-12-20 00:00:00,48.196496634974,48.2692015743566,47.4562354960249,47.5752067565918,3787800,0,0
2013-12-23 00:00:00,47.7999443083287,47.9453542383861,47.5025185733223,47.6875839233398,1510000,0,0
2013-12-24 00:00:00,47.5818302340559,48.0841540803778,47.509125267773,47.8792610168457,685100,0,0
2013-12-26 00:00:00,48.0510859550348,48.2031067464776,47.8660206733832,47.958553314209,1241200,0,0
2013-12-27 00:00:00,48.0312773073458,48.1304209026059,47.7999456135074,47.9651832580566,1292900,0,0
2013-12-30 00:00:00,48.0114495483023,48.6459614976119,47.9850109200828,48.3948020935059,1312600,0,0
2013-12-31 00:00:00,48.5335922241211,48.7054407547593,48.3088664467247,48.5335922241211,1339700,0,0
2014-01-02 00:00:00,48.3419240978519,48.3815795182484,47.0795111362548,47.3438873291016,3659600,0,0
2014-01-03 00:00:00,47.39676436283,47.7272396449939,46.8680069369593,47.0861167907715,3206100,0,0
2014-01-06 00:00:00,47.2976065394739,47.5619876941927,47.0662749200892,47.1059303283691,2993500,0,0
2014-01-07 00:00:00,47.2315152876023,48.1039696195989,47.1521994237294,48.0973587036133,3655200,0,0
2014-01-08 00:00:00,47.9717820828285,48.1502364751889,47.5421633067702,47.6016464233398,5108000,0,0
2014-01-09 00:00:00,47.8263762090989,47.9585642854756,47.1455980347201,47.4364128112793,2570900,0,0
2014-01-10 00:00:00,47.297608297153,47.6479111970465,47.297608297153,47.4892845153809,1739400,0,0
2014-01-13 00:00:00,47.4694455025239,47.7139989039342,47.2645525440707,47.3240356445313,2503200,0,0
2014-01-14 00:00:00,47.4959032188899,48.4080130913358,47.4298091775797,48.1899032592773,2609800,0,0
2014-01-15 00:00:00,48.3154874894483,49.2276025379118,48.1965161806336,49.0954093933105,2660700,0,0
2014-01-16 00:00:00,49.2276007933992,49.3730056833285,48.4212402891923,48.7252769470215,1886700,0,0
2014-01-17 00:00:00,49.1548992163446,49.4126695536395,48.3419277384242,49.0557556152344,3598000,0,0
2014-01-21 00:00:00,49.2408072613622,49.3928280797277,48.672389485537,49.161491394043,1683800,0,0
2014-01-22 00:00:00,49.1747065394329,49.5712757367971,48.586461137435,48.7583045959473,4640600,0,0
2014-01-23 00:00:00,48.9433846609171,49.5514578873092,47.9519589490226,48.3815727233887,7065200,0,0
2014-01-24 00:00:00,48.4675014077327,48.5137677410577,47.1654281150354,47.1720390319824,5264400,0,0
2014-01-27 00:00:00,47.1323714329615,47.3835358123789,46.550736896037,46.8217239379883,3326800,0,0
2014-01-28 00:00:00,46.7952907262444,47.476068837082,46.7952907262444,46.9274787902832,2423300,0,0
2014-01-29 00:00:00,46.5044625760366,46.881204037753,46.3788804079144,46.5771675109863,3394300,0,0
2014-01-30 00:00:00,46.7490408723021,47.4826914416774,46.7292081173216,47.2050933837891,2676000,0,0
2014-01-31 00:00:00,46.7093667042026,47.2910063226799,46.5705677159709,46.9010429382324,2692000,0,0
2014-02-03 00:00:00,46.9010483813262,47.0200196768536,45.4932255864622,45.5791473388672,3179900,0,0
2014-02-04 00:00:00,45.7972577003555,45.8303021975638,45.2354508212982,45.6584587097168,3039600,0,0
2014-02-05 00:00:00,45.5196645595945,45.7840407359808,45.3147664674471,45.6849021911621,3206900,0,0
2014-02-06 00:00:00,45.7840450242012,46.7159877740031,45.6452460058026,46.6168441772461,2721500,0,0
2014-02-07 00:00:00,46.8085131047431,47.409980466036,46.1277349126174,47.2976150512695,3009500,0,0
2014-02-10 00:00:00,47.2910031203138,47.8594208675246,47.2910031203138,47.8461990356445,2431200,0,0
2014-02-11 00:00:00,47.9651675086608,48.5864624618124,47.8131467068244,48.460880279541,2496800,0,0
2014-02-12 00:00:00,48.5269765733636,48.6723864664367,48.2625954080172,48.3485221862793,1366300,0,0
2014-02-13 00:00:00,48.189898802963,49.3663897745071,48.0577056899149,49.2738571166992,2900700,0,0
2014-02-14 00:00:00,49.1350642024902,49.5977326388443,49.0227038129703,49.5845108032227,1711300,0,0
2014-02-18 00:00:00,49.6638073370802,49.7563399797644,49.1020005657406,49.1747055053711,1919300,0,0
2014-02-19 00:00:00,48.9169346601177,49.7034621129599,48.6922089288408,49.2474098205566,2236900,0,0
2014-02-20 00:00:00,49.2936948061956,50.5891573205205,49.2936948061956,50.4239196777344,2636600,0,0
2014-02-21 00:00:00,50.4701751000474,50.5825354626034,49.4258722132698,49.4919662475586,2107900,0,0
2014-02-24 00:00:00,49.5646772580187,50.0339515142909,49.3663951309098,49.3862228393555,1406300,0,0
2014-02-25 00:00:00,49.2341957972157,49.4787492700731,48.9301592065195,49.0821800231934,1968200,0,0
2014-02-26 00:00:00,49.0821640503503,49.2474016029978,48.5005246377352,48.712028503418,1555400,0,0
2014-02-27 00:00:00,48.7715455823004,49.9215982191487,48.7451069530719,49.8753318786621,1636200,0,0
2014-02-28 00:00:00,49.9942853731954,50.1727447962298,49.3201182173963,50.1661338806152,11710100,0,0
2014-03-03 00:00:00,49.6241665187519,49.8621091106439,48.9301664519582,49.4060516357422,2232800,0,0
2014-03-04 00:00:00,49.8422593288987,50.1595126158228,49.1350377409447,49.439079284668,2912200,0,0
2014-03-05 00:00:00,49.511790957438,49.511790957438,48.7979634006536,49.2474098205566,3293400,0,0
2014-03-06 00:00:00,49.2606231273908,49.6241477952469,49.1548737057011,49.5051765441895,2542100,0,0
2014-03-07 00:00:00,49.5184165393566,49.5514660856153,48.3287085138369,49.3267402648926,3121700,0,0
2014-03-10 00:00:00,49.2672374596475,49.6373680252122,49.0557335589461,49.3994255065918,2257100,0,0
2014-03-11 00:00:00,49.3862192864346,49.8554935089465,49.2804647921296,49.6439895629883,1930300,0,0
2014-03-12 00:00:00,49.511809151606,50.1000547499386,49.4523209786884,50.0603942871094,2186200,0,0
2014-03-13 00:00:00,50.1331051901443,50.1859824517443,49.5448595221417,49.6902694702148,2190000,0,0
2014-03-14 00:00:00,49.5778863476656,50.1396931273685,49.4919595762863,49.5316200256348,1227800,0,0
2014-03-17 00:00:00,49.571282114296,49.8819296223699,49.3928277174513,49.4919662475586,1926800,0,0
2014-03-18 00:00:00,49.6712723798705,50.0099364845197,49.5118956721534,49.6845512390137,1279800,0.35,0
2014-03-19 00:00:00,49.7907900649048,50.0232080399353,48.7282992081963,48.9208755493164,1469600,0,0
2014-03-20 00:00:00,48.814622248353,49.4853132957119,48.5755623477571,49.2528953552246,1223800,0,0
2014-03-21 00:00:00,49.5716466079999,49.6845346050891,48.7415788652883,48.9407920837402,3586200,0,0
2014-03-24 00:00:00,49.1732245669125,49.6114977849065,48.3497935599355,49.2263450622559,1745800,0,0
2014-03-25 00:00:00,49.3259594287399,49.6513446622572,48.582221752129,48.9341697692871,1828500,0,0
2014-03-26 00:00:00,49.1865000317776,49.4322019378326,48.7482268440113,48.7548637390137,1312300,0,0
2014-03-27 00:00:00,48.814648499711,50.0232275065213,48.6884765214523,49.9236183166504,2612100,0,0
2014-03-28 00:00:00,49.9236042985368,50.1626642605675,49.432205517177,49.545093536377,1432700,0,0
2014-03-31 00:00:00,49.8572112916846,49.9103368657035,48.9474548353618,48.9939384460449,2511100,0,0
2014-04-01 00:00:00,49.2263454428612,49.7376701118621,49.14002020422,49.644702911377,1734700,0,0
2014-04-02 00:00:00,49.5384669310586,49.9501825635914,49.4853413527316,49.5583877563477,1535900,0,0
2014-04-03 00:00:00,49.7376755918305,49.936888872105,49.3990064291308,49.843921661377,1302400,0,0
2014-04-04 00:00:00,50.0564254710009,50.1228349728539,49.4056549100451,49.6380729675293,2842000,0,0
2014-04-07 00:00:00,49.5650036037146,49.8372682494296,49.1997717780803,49.405632019043,3359500,0,0
2014-04-08 00:00:00,49.1865035933309,49.9169623367214,49.1865035933309,49.545093536377,2701800,0,0
2014-04-09 00:00:00,49.5716643289432,49.9236123670548,49.1665907203872,49.438850402832,1660500,0,0
2014-04-10 00:00:00,49.3923517376605,50.0232062951184,48.7083766922856,48.7216606140137,3138900,0,0
2014-04-11 00:00:00,48.5158026391928,48.6220537526865,47.811906744459,47.8783111572266,2326100,0,0
2014-04-14 00:00:00,48.2435407707782,49.0802505182494,48.1372896622535,48.5025215148926,1852700,0,0
2014-04-15 00:00:00,48.6087803096434,48.8079986572266,48.4095670283934,48.8079986572266,2037600,0,0
2014-04-16 00:00:00,49.1997770992787,49.4853206302946,49.1134518703974,49.1400146484375,2745900,0,0
2014-04-17 00:00:00,49.093540766118,49.4454887786974,48.8810435660889,49.0868988037109,2176800,0,0
2014-04-21 00:00:00,49.2595621121025,49.6380729675293,49.1068273507079,49.6380729675293,1915400,0,0
2014-04-22 00:00:00,49.5517263589069,49.983357536983,49.4786799914072,49.8107070922852,1697900,0,0
2014-04-23 00:00:00,49.6978258112723,49.7841561204222,49.1931481460339,49.7044677734375,3159000,0,0
2014-04-24 00:00:00,49.6778973251444,49.8306320333796,48.5556490763674,49.033763885498,4182600,0,0
2014-04-25 00:00:00,48.8146340094434,48.8544756470315,48.2369049327538,48.3298721313477,1935200,0,0
2014-04-28 00:00:00,48.5622782651889,48.5689202252752,47.3404210585226,47.6326065063477,2530000,0,0
2014-04-29 00:00:00,47.8251838982802,48.1372902001444,47.5130826627477,47.6790962219238,2174200,0,0
2014-04-30 00:00:00,47.6990191535454,48.329868679856,47.5064428084017,48.2966690063477,2586000,0,0
2014-05-01 00:00:00,48.3830032069356,48.8677600739505,48.2302684682189,48.8345603942871,1842000,0,0
2014-05-02 00:00:00,48.7415856846597,50.2357078305812,48.708380943773,49.5185279846191,3503300,0,0
2014-05-05 00:00:00,49.3060344285662,50.8001566839773,49.2794716471768,50.7735939025879,2591100,0,0
2014-05-06 00:00:00,50.614224879275,51.0126564879082,50.5610993137685,50.9329681396484,2502900,0,0
2014-05-07 00:00:00,51.1454658317317,51.6767113592871,51.1321869733926,51.5970230102539,3237300,0,0
2014-05-08 00:00:00,51.5173318122241,51.763028651244,51.1786627137837,51.2649879455566,1911300,0,0
2014-05-09 00:00:00,51.2716441182703,51.4642205191406,51.0193052479919,51.2915649414063,2207100,0,0
2014-05-12 00:00:00,51.4111005845144,51.5372725666569,51.0657944575115,51.3579750061035,1661600,0,0
2014-05-13 00:00:00,51.3446745602136,51.5306089401541,51.1454562580878,51.284912109375,2123500,0,0
2014-05-14 00:00:00,51.3513199757403,51.4708499517903,51.0989761005613,51.318115234375,1820300,0,0
2014-05-15 00:00:00,51.0923569768146,51.1919611028914,50.5677532920295,51.0126686096191,1639900,0,0
2014-05-16 00:00:00,50.9794637569272,51.4111002123064,50.7404087884767,50.9993896484375,1579900,0,0
2014-05-19 00:00:00,50.9595258906524,51.0524930879428,50.5876571014908,50.7138290405273,1485100,0,0
2014-05-20 00:00:00,50.6474292474196,50.9064151366602,50.2091559572432,50.428295135498,1105000,0,0
2014-05-21 00:00:00,50.5478272650018,50.9927425368057,50.5013436555048,50.8400077819824,1711400,0,0
2014-05-22 00:00:00,50.8864757898049,51.0126477196126,50.654057813579,50.7271041870117,1599200,0,0
2014-05-23 00:00:00,50.7536640913838,50.8665520925397,50.1626562425889,50.4681205749512,1722300,0,0
2014-05-27 00:00:00,50.5810185781764,50.9329665727472,50.3087589294137,50.7470321655273,1173600,0,0
2014-05-28 00:00:00,50.5278997620317,50.9396153375242,50.468137294444,50.8732109069824,839300,0,0
2014-05-29 00:00:00,50.9196907994815,51.0657835758133,50.4880544329554,50.8864860534668,1217500,0,0
2014-05-30 00:00:00,50.8068033401902,51.0325794033622,50.7470358099587,50.9528961181641,2073700,0,0
2014-06-02 00:00:00,51.0259362511901,51.2052337713717,50.5876629938196,50.6607093811035,2014500,0,0
2014-06-03 00:00:00,50.6740075125536,50.7536958925349,50.0697204299497,50.209171295166,1786800,0,0
2014-06-04 00:00:00,50.2357180479544,50.5544613334338,50.0763464052148,50.1161880493164,1878500,0,0
2014-06-05 00:00:00,50.2357190182244,50.3685278786837,49.7974406593087,50.308765411377,2907700,0,0
2014-06-06 00:00:00,50.4880395462697,50.5810067280994,50.1892171855789,50.4017143249512,1567700,0,0
2014-06-09 00:00:00,50.2357158851492,50.4946966933262,50.1759483552368,50.3153991699219,1375200,0,0
2014-06-10 00:00:00,50.0763185469766,50.2688897638929,49.7974119944258,50.0563926696777,1494900,0,0
2014-06-11 00:00:00,49.8771239017021,50.0298535689383,49.5583755764131,49.697826385498,959900,0,0
2014-06-12 00:00:00,49.5384500995528,49.7044636756682,49.0935349314835,49.3724365234375,2125800,0,0
2014-06-13 00:00:00,49.199773408702,49.392349735298,48.4892356150079,49.0072021484375,2095200,0,0
2014-06-16 00:00:00,48.8677508474412,49.0138435961089,48.3099476976173,48.6486167907715,2425700,0,0
2014-06-17 00:00:00,48.6286959734681,48.8611139525613,48.3497893322242,48.6486167907715,1667800,0,0
2014-06-18 00:00:00,48.3283538203264,49.1757491932124,48.3283538203264,49.102352142334,1770800,0.35,0
2014-06-19 00:00:00,49.3025242367033,49.3959377345823,49.0623166448275,49.3692474365234,1355700,0,0
2014-06-20 00:00:00,49.4159438759039,49.7495648960559,49.0823228557519,49.3959274291992,1690200,0,0
2014-06-23 00:00:00,49.3625676522124,49.4693237299442,49.1290288690345,49.415943145752,993800,0,0
2014-06-24 00:00:00,49.2291075024406,50.1765897966785,49.2291075024406,49.5160217285156,1251600,0,0
2014-06-25 00:00:00,49.4559816752189,49.9897722510764,49.1957576877247,49.7028579711914,1271800,0,0
2014-06-26 00:00:00,49.7028598173738,49.8830180250403,49.4493096662225,49.5827560424805,698800,0,0
2014-06-27 00:00:00,49.4559945259279,49.9831164836453,49.3025265774668,49.536060333252,1740900,0,0
2014-06-30 00:00:00,49.4159374404251,49.6895090848356,49.3558881081313,49.549388885498,1860700,0,0
2014-07-01 00:00:00,49.7295502328591,49.949741335813,49.4559836336627,49.8229637145996,1822200,0,0
2014-07-02 00:00:00,49.6161170586306,49.7095305342615,49.1690661265891,49.4359588623047,1405100,0,0
2014-07-03 00:00:00,50.4101319293711,50.4101319293711,49.0689741693075,49.482666015625,823300,0,0
2014-07-07 00:00:00,49.4092812024403,49.6895216721055,49.3025200193374,49.3225364685059,1342600,0,0
2014-07-08 00:00:00,49.3759201442229,49.6428180279981,49.0956796570531,49.3425559997559,953100,0,0
2014-07-09 00:00:00,49.3625654027788,49.6628222665354,49.2558042392594,49.4893379211426,1724700,0,0
2014-07-10 00:00:00,49.162393549573,49.9897722510764,49.0889965181615,49.7028579711914,2965800,0,0
2014-07-11 00:00:00,49.7095257543717,49.9630758651821,49.6694928659943,49.7762489318848,1397100,0,0
2014-07-14 00:00:00,49.9030441848641,50.1966323785552,49.8763538862873,49.9430770874023,984900,0,0
2014-07-15 00:00:00,50.0364826487322,50.0364826487322,49.1890874386379,49.476001739502,1886000,0,0
2014-07-16 00:00:00,49.7095318496061,49.8563259125255,49.3558943838382,49.8296356201172,2505000,0,0
2014-07-17 00:00:00,49.6494702408836,49.8362971509226,49.269137486038,49.3158493041992,1393700,0,0
2014-07-18 00:00:00,49.5560667150891,50.2967058262598,49.4559844762712,50.043155670166,2162600,0,0
2014-07-21 00:00:00,49.7962727497552,50.2233072578551,49.6828428221215,50.0965347290039,1701500,0,0
2014-07-22 00:00:00,50.3367497031527,50.8571977685239,50.1832817679171,50.4034729003906,1908100,0,0
2014-07-23 00:00:00,50.3501001539035,51.2508761836451,50.3501001539035,51.1107559204102,2461300,0,0
2014-07-24 00:00:00,51.0440206908183,51.0440206908183,49.0089302479296,49.2624855041504,5461400,0,0
2014-07-25 00:00:00,48.8754718740455,49.5827466980947,48.7153352345847,48.8487815856934,5582300,0,0
2014-07-28 00:00:00,48.902150730597,50.0564761607319,48.8220798842587,50.0097694396973,2529800,0,0
2014-07-29 00:00:00,50.169919204061,50.5035401481696,49.5694004865352,49.6361236572266,2034300,0,0
2014-07-30 00:00:00,49.8696741881228,50.2099690917354,49.3292097046494,49.7095375061035,1822700,0,0
2014-07-31 00:00:00,49.5761036213719,49.8563441582386,49.2157921779771,49.4960327148438,2825400,0,0
2014-08-01 00:00:00,49.5360520084157,50.0565000311736,48.982244935097,49.0222778320313,1708000,0,0
2014-08-04 00:00:00,49.1423803524218,49.1423803524218,48.3950673880229,48.7553787231445,1710400,0,0
2014-08-05 00:00:00,48.4484486810559,48.8421190716085,48.4484486810559,48.608585357666,1611500,0,0
2014-08-06 00:00:00,49.3225448627093,51.2775648177896,49.3225448627093,50.6837196350098,4620000,0,0
2014-08-07 00:00:00,50.8171727886745,51.2442074263395,50.596981621882,51.1107559204102,3341100,0,0
2014-08-08 00:00:00,51.170796880812,51.6778971976955,50.9506057720675,51.6645545959473,2739400,0,0
2014-08-11 00:00:00,51.6778935800399,52.4185326462217,51.5644636558344,51.8914108276367,2105700,0,0
2014-08-12 00:00:00,51.7646435481081,51.9781608173413,51.524435983889,51.7246055603027,2017400,0,0
2014-08-13 00:00:00,51.7379585447657,51.8580623391592,51.3709733144929,51.8113555908203,2200600,0,0
2014-08-14 00:00:00,51.9781411905272,52.1783106913575,51.751276314138,52.1115875244141,1115200,0,0
2014-08-15 00:00:00,52.1583248529875,52.5186362746676,51.9247910863395,52.3518257141113,2420400,0,0
2014-08-18 00:00:00,52.6453990008926,52.6921057409774,52.285087681387,52.3985176086426,1804100,0,0
2014-08-19 00:00:00,52.4385619534873,52.5319805447091,52.1649952991543,52.2717514038086,1040100,0,0
2014-08-20 00:00:00,52.2116981827181,52.4919386636672,51.6578859770423,52.4118728637695,902400,0,0
2014-08-21 00:00:00,52.3785046815872,53.7263314793661,52.305107643571,53.3793678283691,4409400,0,0
2014-08-22 00:00:00,53.2792783468058,53.5461761933143,52.8455699825612,53.0324020385742,2151200,0,0
2014-08-25 00:00:00,53.1791869435404,53.2792742646442,52.685429274255,53.0857734680176,1426100,0,0
2014-08-26 00:00:00,53.159183832914,53.3059779286039,52.892285939901,53.0924606323242,1478500,0,0
2014-08-27 00:00:00,53.1725037009651,53.4994507762134,53.0790902508941,53.1925201416016,1630200,0,0
2014-08-28 00:00:00,53.1258076784635,53.3326510609117,52.8789263160251,53.2125473022461,907200,0,0
2014-08-29 00:00:00,53.3459892932315,53.3459892932315,52.9923518912926,53.0524063110352,991200,0,0
2014-09-02 00:00:00,53.225890586832,53.2459121224108,52.8589105516572,53.0657539367676,1180000,0,0
2014-09-03 00:00:00,53.1057930565654,53.5728655524706,53.0590863160402,53.3593482971191,1147900,0,0
2014-09-04 00:00:00,53.3393392284901,53.8130805452528,53.2459257345174,53.5395088195801,1145900,0,0
2014-09-05 00:00:00,53.4927805407549,53.8864558988814,53.3326439142101,53.8063850402832,1267600,0,0
2014-09-08 00:00:00,53.8531016589163,54.0466024514108,53.5061380559055,53.7329978942871,791000,0,0
2014-09-09 00:00:00,53.5995573565847,53.5995573565847,52.832227948624,53.1791915893555,1320000,0,0
2014-09-10 00:00:00,53.0123651987158,53.3793502680694,52.758815117577,53.3259696960449,1643700,0,0
2014-09-11 00:00:00,53.2659358235706,53.7330032376573,53.0791088579359,53.6796226501465,1896300,0,0
2014-09-12 00:00:00,53.5461713202358,53.5795354570078,52.3251172197747,52.5719985961914,3436500,0,0
2014-09-15 00:00:00,52.6120225194133,52.7388001087533,52.0582105235775,52.3050918579102,1151500,0,0
2014-09-16 00:00:00,52.1783274788437,52.8856075298229,52.1049304443963,52.8589172363281,1553500,0,0
2014-09-17 00:00:00,53.0398509297214,53.6430344922346,52.8924054907469,53.4285697937012,3432700,0.35,0
2014-09-18 00:00:00,53.6832637844236,54.0518775106685,53.3079517091514,53.7368812561035,3052700,0,0
2014-09-19 00:00:00,53.9446421873422,54.1054946012489,53.4017793518267,53.4419898986816,2890000,0,0
2014-09-22 00:00:00,53.2275381009025,53.368280162444,52.6243541848353,52.6645698547363,1702500,0,0
2014-09-23 00:00:00,52.6712531097047,53.5291172740491,52.5707267468751,53.2007141113281,2296800,0,0
2014-09-24 00:00:00,53.1739066216283,53.6028412704635,53.0532749834088,53.4486923217773,2328200,0,0
2014-09-25 00:00:00,53.1940219950294,53.3615727703673,52.5372207058777,52.9125328063965,3847100,0,0
2014-09-26 00:00:00,53.1136134517693,53.5693519168317,52.8656363810053,53.4822273254395,1872500,0,0
2014-09-29 00:00:00,53.1605087786739,53.5760365343381,52.9996614691319,53.4889068603516,1251700,0,0
2014-09-30 00:00:00,53.5291232349243,54.1457088574093,53.4554004851442,53.9714546203613,2462800,0,0
2014-10-01 00:00:00,54.1323117254997,54.1792257462797,53.2878593514595,53.602855682373,2787500,0,0
2014-10-02 00:00:00,53.6497428401717,53.9848442817388,53.1873012145718,53.9513320922852,2273400,0,0
2014-10-03 00:00:00,54.1055170268127,54.5947625938076,53.8910521659563,54.4272117614746,3001200,0,0
2014-10-06 00:00:00,54.608147519133,54.7354826233887,54.2864478008564,54.4539985656738,1995100,0,0
2014-10-07 00:00:00,54.3534893566932,54.5813611491071,54.0586033667839,54.0787086486816,2280500,0,0
2014-10-08 00:00:00,54.286446179349,54.7354809884689,53.9446411976227,54.6215476989746,3698200,0,0
2014-10-09 00:00:00,54.6751632414334,54.7957999887746,53.6028394390905,53.9647445678711,4145600,0,0
2014-10-10 00:00:00,53.9848581711539,54.2596387650494,53.1135921536204,53.1672096252441,2346300,0,0
2014-10-13 00:00:00,53.194015496771,53.4352889928427,52.5707264841264,52.5908317565918,2057400,0,0
2014-10-14 00:00:00,53.4554043439841,54.9767632352157,53.4487008808173,54.152416229248,4050900,0,0
2014-10-15 00:00:00,53.7368709010654,54.1389916346893,52.1954021233908,53.3079414367676,5851100,0,0
2014-10-16 00:00:00,52.7851959778993,53.3682693846411,52.4701997123869,53.1135940551758,2425400,0,0
2014-10-17 00:00:00,53.4755043122036,54.3735739841299,53.4419921129403,54.1792144775391,2202700,0,0
2014-10-20 00:00:00,54.0049734755565,55.2984658175815,53.9178437896736,55.2649536132813,1966700,0,0
2014-10-21 00:00:00,55.700581299646,56.9136473016219,55.5866479972686,56.645565032959,7060100,0,0
2014-10-22 00:00:00,56.652278925222,56.9002559642043,55.9753722227128,56.0088844299316,3538200,0,0
2014-10-23 00:00:00,56.2635376316723,56.7326827814987,55.8882256024056,56.4914093017578,4482400,0,0
2014-10-24 00:00:00,56.5048107477235,56.9270418911738,56.3573652762483,56.7997016906738,1587300,0,0
2014-10-27 00:00:00,56.8466189533934,56.8466189533934,56.276947419048,56.5718383789063,2052600,0,0
2014-10-28 00:00:00,56.906938019125,56.9471485620638,55.7608864129377,55.9887580871582,3509700,0,0
2014-10-29 00:00:00,55.988771375715,56.4847202715619,55.2515489384842,55.2917594909668,3540900,0,0
2014-10-30 00:00:00,55.0169698821213,55.9619587050303,55.0169698821213,55.7877044677734,3887300,0,0
2014-10-31 00:00:00,54.6148431311033,55.2180268768656,51.0426648902841,52.3562622070313,27304700,0,0
2014-11-03 00:00:00,52.7516864451356,53.4956123101116,52.4634989018274,52.9393424987793,5068400,0,0
2014-11-04 00:00:00,52.9125393594908,53.0599848781679,52.0680870287401,52.3830833435059,4830700,0,0
2014-11-05 00:00:00,53.0465769350317,53.2208311745381,52.4567949284697,53.1739120483398,8780700,0,0
2014-11-06 00:00:00,53.2342352378379,53.643059559403,53.1806177598389,53.5224227905273,4319700,0,0
2014-11-07 00:00:00,53.4822273254395,53.6162659450037,52.9862731839114,53.4822273254395,2793100,0,0
2014-11-10 00:00:00,53.086797206701,53.622961835716,52.9125429352844,53.5559425354004,3299300,0,0
2014-11-11 00:00:00,53.6765567955917,53.6765567955917,53.2141201941545,53.3548622131348,2158600,0,0
2014-11-12 00:00:00,53.0867762449635,54.0384632281013,52.8656080393314,53.9580421447754,4824800,0,0
2014-11-13 00:00:00,53.9982582118454,54.4472930171725,53.7100707028718,53.7569847106934,3152900,0,0
2014-11-14 00:00:00,53.7301904306349,53.9178465124058,53.5626396271616,53.8776359558105,1615600,0,0
2014-11-17 00:00:00,53.6497489002431,53.8172996399525,53.5224087018263,53.696662902832,1537800,0,0
2014-11-18 00:00:00,53.7435814587814,54.1054917008053,53.1739048049101,53.9647445678711,1640500,0,0
2014-11-19 00:00:00,53.8977388680447,54.286457942217,53.797207367725,54.1323089599609,1961000,0,0
2014-11-20 00:00:00,54.2663563809585,54.5076299529503,54.0183793449544,54.2730598449707,3473800,0,0
2014-11-21 00:00:00,54.7958080100209,54.8561238358992,54.4271942521735,54.7555923461914,2810800,0,0
2014-11-24 00:00:00,54.896345640074,55.1979350296873,54.7757088615797,55.0705947875977,5980900,0,0
2014-11-25 00:00:00,55.0705997890921,55.3319786473606,54.8025174666195,55.2113418579102,2860000,0,0
2014-11-26 00:00:00,55.3319804537792,55.5196365516629,55.0504963069535,55.2984733581543,2255800,0,0
2014-11-28 00:00:00,55.2649534043627,56.0155828039484,55.2649534043627,55.6871795654297,1355000,0,0
2014-12-01 00:00:00,55.4995148127366,55.7541952528326,55.0571834436518,55.1242027282715,3145100,0,0
2014-12-02 00:00:00,54.0921005475538,54.4272021530621,53.3414711104472,53.6564674377441,5064200,0,0
2014-12-03 00:00:00,53.6966703430087,53.891029841591,53.3749706283653,53.5492248535156,1951100,0,0
2014-12-04 00:00:00,53.6028473575578,53.710077197011,53.4352965789015,53.5827369689941,1785200,0,0
2014-12-05 00:00:00,53.5693431064159,53.6698746111777,52.9795661187884,53.1270065307617,3138000,0,0
2014-12-08 00:00:00,53.3079447583254,53.6564480523162,52.9259292705933,53.0465660095215,2230200,0,0
2014-12-09 00:00:00,52.6846793257494,53.1270108239032,52.4165969958026,52.925952911377,2606800,0,0
2014-12-10 00:00:00,52.4165889893955,52.5640345040069,51.7664911003789,51.9139366149902,2967100,0,0
2014-12-11 00:00:00,51.9340469925017,51.9809610141907,51.3375665253508,51.4850120544434,3434500,0,0
2014-12-12 00:00:00,51.3174507634076,51.46489626238,50.8013966302479,50.834903717041,4770100,0,0
2014-12-15 00:00:00,51.0292600867988,51.190107387938,50.4662919761895,50.7477760314941,3566100,0,0
2014-12-16 00:00:00,50.6606632777831,51.4716137429885,50.1848195644798,50.5802421569824,2591200,0,0
2014-12-17 00:00:00,50.8173779850476,51.3933072349959,50.4447151453928,50.8919105529785,4307600,0.82,0
2014-12-18 00:00:00,51.2374682081099,52.1386257477744,51.1629356430338,51.8540496826172,5421000,0,0
2014-12-19 00:00:00,52.125073483012,52.5112853101294,51.8337203383858,52.3757743835449,5889500,0,0
2014-12-22 00:00:00,52.5112814712521,53.304031189579,52.3486673373566,53.046558380127,3296000,0,0
2014-12-23 00:00:00,53.3175841816066,53.8528610784213,53.1346387618622,53.6495895385742,2430300,0,0
2014-12-24 00:00:00,53.717349038866,53.9612728372795,53.5344087747611,53.5615119934082,753200,0,0
2014-12-26 00:00:00,53.6021642366736,53.7715554761602,53.5140826531284,53.5615119934082,735900,0,0
2014-12-29 00:00:00,53.4666448595647,53.9883675201563,53.351454906174,53.5682754516602,1225300,0,0
2014-12-30 00:00:00,53.6224995917641,53.6428257168968,53.1482061072956,53.4734344482422,1369500,0,0
2014-12-31 00:00:00,53.6563627668463,53.8325259079764,53.2294935978236,53.3243522644043,1548900,0,0
2015-01-02 00:00:00,53.4327735722094,54.1577678782375,53.3379148906289,53.8731918334961,2133900,0,0
2015-01-05 00:00:00,53.5886311293712,53.7444734055622,53.3582614343378,53.5276527404785,2962900,0,0
2015-01-06 00:00:00,53.7038066508467,54.1509968902606,53.2362851178773,53.4260025024414,4014400,0,0
2015-01-07 00:00:00,53.7647977026898,54.6591835618525,53.5750802733844,54.5439987182617,4292400,0,0
2015-01-08 00:00:00,54.8285546204233,55.777146586158,54.6794895040265,55.404483795166,5096600,0,0
2015-01-09 00:00:00,55.5264451335466,55.6416351028624,55.1876626612994,55.3028526306152,1933800,0,0
2015-01-12 00:00:00,55.5061038419021,55.6348428003816,55.0860169995524,55.2350769042969,2512500,0,0
2015-01-13 00:00:00,55.6280841522974,55.7093938113649,54.1984216225103,55.1063613891602,4029500,0,0
2015-01-14 00:00:00,54.8421333303643,55.4248398625421,54.530453933755,55.3232040405273,4040100,0,0
2015-01-15 00:00:00,55.4654812294524,55.7026279879664,55.255437696113,55.3096389770508,2609800,0,0
2015-01-16 00:00:00,55.370620145051,56.0685113627015,55.3435169210418,55.9872016906738,4539200,0,0
2015-01-20 00:00:00,56.1565709864252,56.2853099577333,55.3570442839931,55.5670928955078,3330800,0,0
2015-01-21 00:00:00,55.3231690719516,55.458679969376,54.9911637546752,55.1266746520996,3801700,0,0
2015-01-22 00:00:00,56.7528539227777,57.904712518911,56.4750497519319,57.7624244689941,6469200,0,0
2015-01-23 00:00:00,57.904711271843,59.4969881802333,57.904711271843,58.8329772949219,5424000,0,0
2015-01-26 00:00:00,58.9075055200312,59.7747879336461,58.4603101177174,59.6596031188965,4765200,0,0
2015-01-27 00:00:00,59.347910670803,59.8628614731369,59.1514213870935,59.4902038574219,2777100,0,0
2015-01-28 00:00:00,59.9306224505842,60.1609972397094,59.0362368533559,59.056568145752,3545200,0,0
2015-01-29 00:00:00,59.0497991376489,59.0701252634187,58.0334514938664,58.7855491638184,3046600,0,0
2015-01-30 00:00:00,58.6635525213265,59.3343401218,58.3857485151194,58.6161231994629,3608500,0,0
2015-02-02 00:00:00,58.6703405066107,58.7516501532381,57.6065638512662,58.5145034790039,4003000,0,0
2015-02-03 00:00:00,58.4670977943663,59.5173206820546,58.0334565090969,59.110782623291,3468600,0,0
2015-02-04 00:00:00,58.7990812754237,59.2869288311974,58.2163750470728,58.4535217285156,3071900,0,0
2015-02-05 00:00:00,58.6297045267972,59.0701228550287,58.4128839117402,58.7652206420898,4424200,0,0
2015-02-06 00:00:00,59.0972388208905,60.2084453588372,58.4128965069826,58.7178039550781,6463100,0,0
2015-02-09 00:00:00,58.4332014712621,58.9142719788581,58.0876470590941,58.3993263244629,3888600,0,0
2015-02-10 00:00:00,58.6635745797357,59.1852973164112,58.4874062453966,59.0633354187012,5152400,0,0
2015-02-11 00:00:00,59.1649766385626,59.253058229131,58.4467593800844,59.0701179504395,2239300,0,0
2015-02-12 00:00:00,59.1514149430188,59.4495399692304,58.8261815323946,59.3479042053223,1873100,0,0
2015-02-13 00:00:00,59.3479092480623,59.6324904450677,58.968474544602,59.6257133483887,2788600,0,0
2015-02-17 00:00:00,59.9306120410248,60.6014049994917,59.3343568029085,59.3546829223633,4077300,0,0
2015-02-18 00:00:00,59.5444022754938,59.7883260560144,59.2191740144063,59.7612228393555,4116300,0,0
2015-02-19 00:00:00,59.61894752722,59.8289962087128,59.3343714458039,59.4834365844727,2800100,0,0
2015-02-20 00:00:00,59.436004525956,60.3100640242095,59.3953522788686,60.1067924499512,3217600,0,0
2015-02-23 00:00:00,60.2490706300596,60.3303802803464,59.1310874933134,59.5579566955566,3377300,0,0
2015-02-24 00:00:00,59.4292409975311,59.5647571344488,58.1283170995936,58.8194313049316,3752200,0,0
2015-02-25 00:00:00,58.8194150861673,59.5918387606692,58.5687193484671,58.6635780334473,3061300,0,0
2015-02-26 00:00:00,58.6364731954507,58.6364731954507,57.7420876407393,58.3315658569336,2773100,0,0
2015-02-27 00:00:00,58.4874175096134,58.582276207278,58.0741023971842,58.480640411377,2590700,0,0
2015-03-02 00:00:00,58.6771123631725,59.293698830532,58.3722102620139,58.5348243713379,3098200,0,0
2015-03-03 00:00:00,58.372222102167,58.6500210465518,58.2638092276878,58.4738578796387,2192700,0,0
2015-03-04 00:00:00,58.406112569267,58.446769992567,57.9860254939903,58.1486396789551,1896900,0,0
2015-03-05 00:00:00,58.4264397741375,58.582276849404,58.2096191528973,58.4467658996582,1181700,0,0
2015-03-06 00:00:00,58.0673150023869,58.2028310960288,57.5320432330851,57.6201248168945,2772400,0,0
2015-03-09 00:00:00,57.7759586356543,58.0673117589475,57.4981597056735,57.9318008422852,1412600,0,0
2015-03-10 00:00:00,57.7353074039589,57.8775954197651,57.294889162991,57.3016662597656,1689300,0,0
2015-03-11 00:00:00,57.2339161781989,57.7759650746687,57.0577478313762,57.538818359375,1688900,0,0
2015-03-12 00:00:00,57.8505015414824,58.2705937293565,57.5727025617967,58.2367134094238,1225800,0,0
2015-03-13 00:00:00,58.0402287241693,58.0402287241693,57.1729410571981,57.532054901123,1410300,0,0
2015-03-16 00:00:00,57.7082053897475,58.2434823190825,57.5388141527204,58.1350746154785,1448600,0,0
2015-03-17 00:00:00,57.8708384995549,58.1147571831831,57.6811159265373,57.9453659057617,1462200,0,0
2015-03-18 00:00:00,58.0137743272378,59.5120038110778,57.7880119325985,59.1357383728027,3416200,0.82,0
2015-03-19 00:00:00,58.7320976257324,59.1015255471353,58.478974856601,58.7320976257324,2232800,0,0
2015-03-20 00:00:00,59.0331140256782,59.7309188408027,58.8415599673874,59.3820190429688,2907500,0,0
2015-03-23 00:00:00,59.4025346021904,59.4025346021904,59.0057411193848,59.0057411193848,1720100,0,0
2015-03-24 00:00:00,59.0125941953915,59.3614940113949,58.7047349690005,58.7252578735352,1865400,0,0
2015-03-25 00:00:00,58.7184492464117,58.9100034088311,57.8769732106872,57.9043388366699,1451100,0,0
2015-03-26 00:00:00,57.6375075608643,58.2121698193363,57.4049076618039,57.8837928771973,2320300,0,0
2015-03-27 00:00:00,57.8838069934635,58.1985038145332,57.3707133292166,58.0206298828125,2903600,0,0
2015-03-30 00:00:00,58.0479845730859,58.2463813789014,57.651190961455,57.7332878112793,1548100,0,0
2015-03-31 00:00:00,57.4733193583677,57.7811733954938,56.4676551818848,56.4676551818848,3336100,0,0
2015-04-01 00:00:00,56.7002577245365,57.4117480949313,56.6797348170326,57.2749252319336,2067900,0,0
2015-04-02 00:00:00,57.3022987822571,57.7196153574748,57.1586331903809,57.5691070556641,1164700,0,0
2015-04-06 00:00:00,57.4596289153259,58.1916420950838,57.3843747849292,58.1095504760742,1294600,0,0
2015-04-07 00:00:00,58.7252553169054,58.9578604035714,58.4379242270151,58.6089553833008,1951200,0,0
2015-04-08 00:00:00,58.5610818957658,58.7389558053952,58.0069424774278,58.403736114502,1952700,0,0
2015-04-09 00:00:00,58.3284881601895,58.4447881359828,57.8632830375577,58.2463912963867,2270400,0,0
2015-04-10 00:00:00,58.3216496990943,58.6295038267312,57.7743476727855,57.9385414123535,1022300,0,0
2015-04-13 00:00:00,57.9179967375171,59.6146229865536,57.7332801547737,58.1505966186523,2511200,0,0
2015-04-14 00:00:00,58.0958571627788,58.5473818837819,57.8837802165565,58.4173965454102,2251900,0,0
2015-04-15 00:00:00,58.7115747222306,58.9031287808565,58.5542237629555,58.7320976257324,1737100,0,0
2015-04-16 00:00:00,58.4447735545481,58.9236587586069,58.0069341624208,58.8347244262695,1799900,0,0
2015-04-17 00:00:00,58.5610694178008,58.8962890372667,57.9179957914007,58.7252578735352,3756600,0,0
2015-04-20 00:00:00,58.9578484255805,59.1972909518435,58.6841975872275,59.1288795471191,1883300,0,0
2015-04-21 00:00:00,59.2041487936394,59.2109915016978,58.5473897453658,58.6910552978516,2419200,0,0
2015-04-22 00:00:00,58.8826198870051,58.896300086109,58.3353179726084,58.8484115600586,2795200,0,0
2015-04-23 00:00:00,58.5610660780499,59.4777957774874,58.3011006030083,59.2725563049316,3877600,0,0
2015-04-24 00:00:00,59.710407786475,59.833550451164,58.7868404110362,58.8210487365723,1878400,0,0
2015-04-27 00:00:00,58.8347212847541,58.9236556123428,57.9864081602359,58.1505966186523,1843400,0,0
2015-04-28 00:00:00,58.0206132643865,58.7252608596784,57.9864101615752,58.6226463317871,1986100,0,0
2015-04-29 00:00:00,58.1505955419585,58.4652922562037,57.7059134733345,57.8701019287109,1526000,0,0
2015-04-30 00:00:00,57.58278653206,57.58278653206,56.9397127316701,57.144947052002,2754300,0,0
2015-05-01 00:00:00,57.1859707479314,57.5690840593561,56.7960199487618,56.8986396789551,1789400,0,0
2015-05-04 00:00:00,57.0833567606117,57.1380827603545,56.7481319576092,56.8644371032715,1731600,0,0
2015-05-05 00:00:00,56.8576050060175,57.0833674127505,55.7561638065162,55.8382606506348,2439900,0,0
2015-05-06 00:00:00,56.0982402186436,56.3308401727466,55.838274642977,56.1392860412598,2192900,0,0
2015-05-07 00:00:00,56.2760908819038,56.8028645256998,56.0845368296144,56.5155334472656,1568700,0,0
2015-05-08 00:00:00,56.8918151718308,57.4049087204103,56.8849724630683,57.2407150268555,1426500,0,0
2015-05-11 00:00:00,56.9191879896858,57.1654733643085,56.3992568383345,56.5771255493164,1645600,0,0
2015-05-12 00:00:00,56.2692721663122,56.8644626992345,55.6125128986696,56.7481575012207,1294100,0,0
2015-05-13 00:00:00,56.9465429415559,57.1380970371592,56.1050724188047,56.3308296203613,1907600,0,0
2015-05-14 00:00:00,56.7139404124158,56.9533830208643,56.3787207605879,56.6318435668945,2691700,0,0
2015-05-15 00:00:00,56.6729016700143,57.3501890486619,56.6181756472564,57.3296661376953,2449300,0,0
2015-05-18 00:00:00,57.1791404471866,57.3912174219748,57.0286321865795,57.185977935791,1593500,0,0
2015-05-19 00:00:00,57.0491568446265,58.0000897355534,57.0012683256394,57.4527931213379,2740900,0,0
2015-05-20 00:00:00,57.3433207086488,57.4938289477446,56.6934044610513,56.7070846557617,2049100,0,0
2015-05-21 00:00:00,56.6592048953312,56.8439162594572,56.0708572622526,56.1529541015625,3049600,0,0
2015-05-22 00:00:00,56.1529714617709,56.4266224579487,55.9066860871567,56.1392860412598,1604600,0,0
2015-05-26 00:00:00,56.132427089771,56.2213614112573,55.6193336254018,56.0434875488281,2192500,0,0
2015-05-27 00:00:00,56.1255845501433,56.2555698983987,55.8177253389262,56.0640106201172,2060600,0,0
2015-05-28 00:00:00,55.8792860966791,56.4197450463663,55.8313975932615,56.2829170227051,1641400,0,0
2015-05-29 00:00:00,56.344502568475,56.4060712772396,55.7219466760871,55.7903633117676,3116000,0,0
2015-06-01 00:00:00,55.8245904806914,56.5155580872358,55.8040675689208,56.2761154174805,1659800,0,0
2015-06-02 00:00:00,56.0503230632669,56.6113049702055,55.8108805211814,56.3376541137695,1458700,0,0
2015-06-03 00:00:00,56.2418862065795,56.440282979144,55.6809042087772,56.0776977539063,2251600,0,0
2015-06-04 00:00:00,56.241893545289,58.6910613365115,56.1119081760891,57.2407150268555,4943100,0,0
2015-06-05 00:00:00,56.980748636038,57.0628454815592,56.4950207104832,56.6318435668945,2092200,0,0
2015-06-08 00:00:00,56.686582008018,56.8849788286715,56.433453950055,56.5018653869629,1448000,0,0
2015-06-09 00:00:00,56.3513495177777,56.6934118441027,56.0024444834783,56.0845413208008,1731300,0,0
2015-06-10 00:00:00,56.2624299966609,56.5497664198261,55.8724790146425,56.2761154174805,2226500,0,0
2015-06-11 00:00:00,56.5839582704287,57.1244174571365,56.5292270369616,56.7344665527344,2201900,0,0
2015-06-12 00:00:00,56.6797453253189,56.9191879896858,56.4676682825167,56.5771255493164,1168500,0,0
2015-06-15 00:00:00,56.4471221995714,56.7960219875141,56.1871515111556,56.5360565185547,1802400,0,0
2015-06-16 00:00:00,56.5292270369616,56.9191779413637,56.3718812650658,56.7344665527344,1930000,0,0
2015-06-17 00:00:00,56.7621190938911,57.2665147561547,56.5341020167444,57.0730476379395,2081100,0.82,0
2015-06-18 00:00:00,57.5014296243801,57.888363771616,57.3079625507621,57.694896697998,4144000,0,0
2015-06-19 00:00:00,57.6879828460537,57.7501717004515,57.1144926976191,57.2043151855469,3288300,0,0
2015-06-22 00:00:00,57.3424792626447,57.6879575174868,57.0522787937565,57.1144676208496,2142000,0,0
2015-06-23 00:00:00,56.9901138613917,57.2803144251112,56.6930022542747,57.2250366210938,1767200,0,0
2015-06-24 00:00:00,57.1213786673506,57.2319342494716,56.6998947357797,56.803539276123,1544200,0,0
2015-06-25 00:00:00,56.9141059840589,57.0039284584059,56.6031723022461,56.6031723022461,1133100,0,0
2015-06-26 00:00:00,56.6653725098503,56.7828339086841,56.195521642933,56.3406219482422,1901700,0,0
2015-06-29 00:00:00,56.2645967333726,56.4995194494545,55.5321844166697,55.594367980957,1567300,0,0
2015-06-30 00:00:00,56.0296806953867,56.078052728923,55.352546028022,55.483829498291,1511000,0,0
2015-07-01 00:00:00,55.4285568984228,56.0504190902296,55.4285568984228,56.015869140625,1356700,0,0
2015-07-02 00:00:00,56.1471550186651,56.4511724475105,55.7602155985981,56.0435104370117,1082700,0,0
2015-07-06 00:00:00,55.8569387910396,56.1540503919103,55.5183714738181,55.8016662597656,1435300,0,0
2015-07-07 00:00:00,56.0780548155848,56.5962724007736,55.9674992003853,56.4166221618652,1580300,0,0
2015-07-08 00:00:00,56.1471609164671,56.492639377213,55.6220321800901,55.6358489990234,1108400,0,0
2015-07-09 00:00:00,56.1609675850434,56.2853400192966,55.58056640625,55.58056640625,1314600,0,0
2015-07-10 00:00:00,55.9813171324781,56.3958954261592,55.7187554485178,56.2024230957031,1212000,0,0
2015-07-13 00:00:00,56.5547972020055,56.6722585599609,55.7947459889795,55.8914794921875,1552000,0,0
2015-07-14 00:00:00,55.7947604526356,56.5202671863491,55.7809436364158,56.3337059020996,1554400,0,0
2015-07-15 00:00:00,56.2991494294209,56.2991494294209,55.7394709655236,56.1333160400391,1635100,0,0
2015-07-16 00:00:00,56.5064355840516,56.7137246935186,56.3198796027962,56.4442520141602,2030500,0,0
2015-07-17 00:00:00,56.4442489114771,56.4442489114771,55.8569315574652,56.029670715332,1847000,0,0
2015-07-20 00:00:00,56.0849545608204,56.7137276936392,55.8776707119693,56.651538848877,1698100,0,0
2015-07-21 00:00:00,56.3268100356461,56.5271881901079,55.6704030209062,55.8224143981934,2051100,0,0
2015-07-22 00:00:00,55.8569380266161,56.2024163823618,55.5598317013928,55.6980209350586,2657400,0,0
2015-07-23 00:00:00,56.2300508454819,58.2614651038447,56.2300508454819,57.529052734375,4500200,0,0
2015-07-24 00:00:00,57.3494192339784,57.5083416308701,56.8795683595115,56.9555740356445,2819400,0,0
2015-07-27 00:00:00,57.0453872680664,57.3010431618792,56.7897366458353,57.0453872680664,2202600,0,0
2015-07-28 00:00:00,57.1697758868036,57.3494261677096,56.6308303156688,56.8381195068359,1918200,0,0
2015-07-29 00:00:00,56.8726378842315,57.0039213293504,56.2507811415395,56.7413597106934,1682500,0,0
2015-07-30 00:00:00,56.630822782,56.665372733126,56.0020547898496,56.2922554016113,1882200,0,0
2015-07-31 00:00:00,56.6308161904153,57.0799391448653,56.2784267619599,56.5962715148926,1351600,0,0
2015-08-03 00:00:00,56.713752272781,56.838124744626,56.278445985532,56.5755577087402,1295800,0,0
2015-08-04 00:00:00,56.6377270354622,57.1490335670086,56.4580767999961,56.6584548950195,1292400,0,0
2015-08-05 00:00:00,56.7828443127894,57.2734231315546,56.6653828924337,56.8312110900879,1699200,0,0
2015-08-06 00:00:00,56.9555650873594,57.1283042747805,56.58244780994,56.686092376709,1777500,0,0
2015-08-07 00:00:00,56.4995340543899,56.9970237836104,56.4995340543899,56.8933792114258,1615100,0,0
2015-08-10 00:00:00,57.2388548484567,57.7916223591059,57.045387801204,57.7294387817383,1536700,0,0
2015-08-11 00:00:00,57.5290550024353,58.5516679429641,57.4737772025199,58.1647338867188,2002100,0,0
2015-08-12 00:00:00,58.0058205520798,58.7313272919663,57.8192645378249,58.69677734375,2049200,0,0
2015-08-13 00:00:00,58.634600406315,59.0699013366184,58.4895000962138,58.6276893615723,1856000,0,0
2015-08-14 00:00:00,58.503305422299,59.8092132282722,58.2960215649781,59.470645904541,2348400,0,0
2015-08-17 00:00:00,59.3600783519985,59.7677401766018,59.0975114953305,59.6571846008301,1881200,0,0
2015-08-18 00:00:00,59.5881108814301,59.7263053995681,58.841881569812,58.959342956543,1699500,0,0
2015-08-19 00:00:00,58.8073288065659,59.3462742225439,58.5033061528013,59.028434753418,1192900,0,0
2015-08-20 00:00:00,58.7589487326362,59.1113380676983,58.2338202509959,58.3098258972168,2206100,0,0
2015-08-21 00:00:00,58.3098454971702,58.3858511689392,57.0868542478022,57.1213989257813,3142900,0,0
2015-08-24 00:00:00,55.7602028197865,56.6100818686744,54.1088167510678,55.2281684875488,4838100,0,0
2015-08-25 00:00:00,56.1955180240425,56.5824521466157,54.9310658100282,54.9517936706543,3750600,0,0
2015-08-26 00:00:00,55.7671123849667,56.5548025696088,55.1037946121933,56.4097023010254,3470300,0,0
2015-08-27 00:00:00,56.8312077662554,58.5309611896531,56.706835307393,58.05419921875,2994800,0,0
2015-08-28 00:00:00,57.9021875862741,58.0403768510961,57.4876092486431,57.8676376342773,2037200,0,0
2015-08-31 00:00:00,57.7363502493168,58.1854732370768,57.3977828832254,57.6188888549805,2433700,0,0
2015-09-01 00:00:00,56.6584528138427,57.0453869022506,55.9744071156696,56.2853355407715,2032400,0,0
2015-09-02 00:00:00,56.8311882209822,57.1766665688301,56.2784207557931,56.8450050354004,1585400,0,0
2015-09-03 00:00:00,57.003934810197,57.2112239545032,56.6446396011924,56.8795623779297,2024000,0,0
2015-09-04 00:00:00,56.1816960934239,56.4442630529765,55.760212020904,55.9951400756836,1843600,0,0
2015-09-08 00:00:00,56.838091184826,56.9970082501616,56.4304240510904,56.9140968322754,1498300,0,0
2015-09-09 00:00:00,57.4944987984162,57.5981433440753,55.739468379085,55.8292961120605,2042400,0,0
2015-09-10 00:00:00,55.6220181831495,55.8638519904991,54.6132219642189,54.785961151123,3225000,0,0
2015-09-11 00:00:00,54.6615985994627,54.7168764144367,53.7840804193936,54.3299369812012,3486700,0,0
2015-09-14 00:00:00,54.4197657121436,54.7099663385224,54.1502929488514,54.3852157592773,1775000,0,0
2015-09-15 00:00:00,54.5372217586597,54.5648606639205,53.7218925040058,54.1502876281738,4208500,0,0
2015-09-16 00:00:00,54.1502895185904,54.8415682914633,54.0455490191071,54.7088966369629,2187900,0.82,0
2015-09-17 00:00:00,54.7228628303212,55.1976817931971,54.0245999629934,54.45751953125,2306200,0,0
2015-09-18 00:00:00,53.521839582896,54.6460430099045,53.521839582896,54.0525207519531,2977500,0,0
2015-09-21 00:00:00,54.3039038007697,54.6041570631394,54.0315816938905,54.2201156616211,1442300,0,0
2015-09-22 00:00:00,53.780197242648,54.0944186916251,53.3542618458375,53.4729652404785,1594200,0,0
2015-09-23 00:00:00,53.3682272249621,53.7522739045831,53.3333119532429,53.647533416748,1866100,0,0
2015-09-24 00:00:00,53.4799382440297,53.6545039210147,52.914347155341,53.6126098632813,2730400,0,0
2015-09-25 00:00:00,54.0874338932502,55.0161246622318,53.7243395943993,54.9881935119629,3189000,0,0
2015-09-28 00:00:00,54.6460371000811,54.9881843108096,53.8151028324194,54.164234161377,3599200,0,0
2015-09-29 00:00:00,54.3108800932522,54.6949267667383,53.9408016591596,54.1363143920898,1965600,0,0
2015-09-30 00:00:00,54.5413021718728,55.1138773963867,54.3178583117533,55.0719833374023,2400300,0,0
2015-10-01 00:00:00,55.0929398059961,55.6305998552594,54.660014922138,55.5747375488281,2303900,0,0
2015-10-02 00:00:00,55.0789715172886,55.8400807916075,54.7368242135128,55.8191337585449,2488700,0,0
2015-10-05 00:00:00,56.1682710859079,56.8735128006451,55.9448271642175,56.8525657653809,1985500,0,0
2015-10-06 00:00:00,56.7827447892048,56.9642946539568,56.2031852426699,56.3847351074219,2345200,0,0
2015-10-07 00:00:00,56.4964379945956,56.7897070520135,56.2241106386257,56.7338447570801,1801100,0,0
2015-10-08 00:00:00,56.6011860697593,57.0899732711142,56.2869699117848,57.0061798095703,2838000,0,0
2015-10-09 00:00:00,56.950324708165,56.9922241079002,56.5243838809017,56.6919708251953,1743300,0,0
2015-10-12 00:00:00,56.6081673331852,56.9852299001189,56.5872203006871,56.9084205627441,1008500,0,0
2015-10-13 00:00:00,56.6500555231181,57.2296148896328,56.5453203714894,56.657039642334,1691000,0,0
2015-10-14 00:00:00,56.6849601431314,56.8874569437762,56.091437977005,56.1961784362793,1416000,0,0
2015-10-15 00:00:00,56.4335911236227,56.8036695017444,56.2939407147425,56.7827224731445,1480700,0,0
2015-10-16 00:00:00,57.0341083288773,57.0829865140227,56.6570457603317,57.0201454162598,1176900,0,0
2015-10-19 00:00:00,56.9223997139918,57.683509184927,56.6361146426427,57.6485939025879,1173900,0,0
2015-10-20 00:00:00,57.6555596782517,58.130378599424,57.5787503434061,58.0745162963867,2620300,0,0
2015-10-21 00:00:00,58.3538262569514,58.8356293289836,57.9628007650545,58.0465888977051,3712900,0,0
2015-10-22 00:00:00,58.4865019677954,60.6092218220632,58.3049521222314,60.602237701416,5345100,0,0
2015-10-23 00:00:00,60.92343411416,60.92343411416,59.2196710427857,59.5757865905762,3954300,0,0
2015-10-26 00:00:00,59.645607104466,60.3997322071121,59.4431102531634,60.3089599609375,2022000,0,0
2015-10-27 00:00:00,60.1832629160752,60.2810192664248,59.6176665149703,59.89697265625,1604400,0,0
2015-10-28 00:00:00,60.1413736152744,60.2600823411628,59.0241541901668,60.0436172485352,1516800,0,0
2015-10-29 00:00:00,59.771308420793,59.9947523553122,59.4291610614125,59.8201866149902,1200500,0,0
2015-10-30 00:00:00,59.959843844922,60.0157008344017,59.4850248067397,59.6735534667969,1629400,0,0
2015-11-02 00:00:00,59.7503321372441,61.4191793716556,59.6874910586035,61.2725448608398,2014500,0,0
2015-11-03 00:00:00,61.0910068968535,61.4471223932829,60.832653087186,61.1957473754883,1382200,0,0
2015-11-04 00:00:00,61.307476483269,61.5728144316503,60.8466204743029,60.986270904541,1343600,0,0
2015-11-05 00:00:00,59.8830102166129,60.8047167609471,59.4710324563435,60.4276542663574,2107300,0,0
2015-11-06 00:00:00,60.5463597086729,60.5463597086729,58.6331213507856,59.1568183898926,2269900,0,0
2015-11-09 00:00:00,58.9124281733866,59.0590627067246,58.3328688316303,58.612174987793,1502000,0,0
2015-11-10 00:00:00,58.5353748076621,58.9473473236973,58.3608090987002,58.8845062255859,1345300,0,0
2015-11-11 00:00:00,58.9543360640454,59.4082080083815,58.800717375748,59.0939865112305,933400,0,0
2015-11-12 00:00:00,58.7937180751076,59.2406057835045,58.605189487352,58.7588081359863,1000700,0,0
2015-11-13 00:00:00,58.8775378362991,59.561837942281,58.3608246913684,58.4166870117188,2216500,0,0
2015-11-16 00:00:00,58.4166700713917,59.0939805317605,58.1233956382614,59.0590705871582,1360400,0,0
2015-11-17 00:00:00,58.9403723251464,59.7713015307146,58.7797695185411,59.2476043701172,1294000,0,0
2015-11-18 00:00:00,59.3593172237419,60.0087017872741,59.1707832999915,59.9598236083984,1563500,0,0
2015-11-19 00:00:00,60.0156901496027,60.1693088298012,59.5827705897591,60.155345916748,1233300,0,0
2015-11-20 00:00:00,60.3438853171794,60.9932701002103,60.1902666095535,60.7837944030762,2358100,0,0
2015-11-23 00:00:00,60.8675649420109,61.2935056618131,60.7209303982413,61.0281677246094,2102600,0,0
2015-11-24 00:00:00,60.7488656850995,60.8675690866164,60.2042215347771,60.5603370666504,1652400,0,0
2015-11-25 00:00:00,60.525433854721,60.7209466320176,60.1763023731703,60.2950057983398,864200,0,0
2015-11-27 00:00:00,60.3368803109362,60.5254088891868,59.9528337087126,60.0994682312012,741100,0,0
2015-11-30 00:00:00,60.1762872450943,60.23912833886,59.7503465184963,59.9877586364746,2258200,0,0
2015-12-01 00:00:00,60.1762785650177,60.9792817203488,60.1274003900318,60.9443664550781,1544000,0,0
2015-12-02 00:00:00,60.7977405728334,61.0630785137162,59.8201716068257,59.9318962097168,1432900,0,0
2015-12-03 00:00:00,59.8411206511032,60.2461143592239,58.9054510433647,59.184757232666,2338300,0,0
2015-12-04 00:00:00,59.3942305429531,59.9109488373988,59.1288926035809,59.4291458129883,2561500,0,0
2015-12-07 00:00:00,59.4081923406917,60.5254116054979,59.2475895741938,60.3578300476074,2911300,0,0
2015-12-08 00:00:00,60.1274118251063,60.5393843315772,59.6525928946604,60.029655456543,2344100,0,0
2015-12-09 00:00:00,59.6874960513345,60.497477987497,59.5687873473263,59.6316337585449,2684200,0,0
2015-12-10 00:00:00,59.5757970211398,59.9458755468053,59.3593372028805,59.645622253418,2168000,0,0
2015-12-11 00:00:00,58.9822517265992,59.464054699286,58.765791992121,59.2266426086426,2750100,0,0
2015-12-14 00:00:00,59.2126844774943,60.0087036017223,59.0032035175092,59.4919853210449,3679700,0,0
2015-12-15 00:00:00,59.8969852816934,60.1623285691345,59.6246632015574,59.9109535217285,2492900,0,0
2015-12-16 00:00:00,60.0838028865627,60.8387306459318,59.9709138766766,60.6552886962891,2692200,0.885,0
2015-12-17 00:00:00,60.8316814771431,60.9727873746103,60.1614150070615,60.436580657959,1964400,0,0
2015-12-18 00:00:00,60.2742977870669,60.7681737598829,59.815695593541,59.8439178466797,4156900,0,0
2015-12-21 00:00:00,60.2037255963914,60.6764360739223,59.99206145695,60.6270484924316,2972800,0,0
2015-12-22 00:00:00,60.8669710234209,61.5725114591677,60.7117566491475,61.4102401733398,2588400,0,0
2015-12-23 00:00:00,61.5442708511179,61.777095014189,61.2620537090547,61.5936584472656,3048400,0,0
2015-12-24 00:00:00,61.4878501933181,61.6924575660968,61.2620774686738,61.3396873474121,675800,0,0
2015-12-28 00:00:00,61.1350673190397,61.5654473273697,60.9727906835853,61.4384498596191,1401200,0,0
2015-12-29 00:00:00,61.7488628215347,62.1933564981551,61.5795347166925,62.0875244140625,1067500,0,0
2015-12-30 00:00:00,62.1087154163505,62.1087154163505,61.3396790276912,61.3961181640625,791000,0,0
2015-12-31 00:00:00,61.2973439011857,61.5372304201695,60.9727959849041,60.9939613342285,1093100,0,0
2016-01-04 00:00:00,60.422471196584,60.6270785306606,59.850985272924,60.2460861206055,2487900,0,0
2016-01-05 00:00:00,60.3448500043931,61.508992363884,60.3448500043931,61.480770111084,2055200,0,0
2016-01-06 00:00:00,61.0292362474011,61.5019469588218,60.7893551279979,60.9657402038574,2143100,0,0
2016-01-07 00:00:00,60.2743066765669,60.5212446993943,59.0255027423568,59.4488258361816,2851300,0,0
2016-01-08 00:00:00,59.8156996508546,61.1068395595946,58.4610637053789,58.616283416748,2603000,0,0
2016-01-11 00:00:00,58.9972928355352,59.4206160179784,58.7221324978048,59.0466804504395,1440800,0,0
2016-01-12 00:00:00,59.4135408490352,59.6957580115558,58.9478871062941,59.3077087402344,1916000,0,0
2016-01-13 00:00:00,59.596985871126,60.5282987872557,57.8684090262399,58.4046211242676,3300700,0,0
2016-01-14 00:00:00,58.5810146151661,59.7381003628033,58.0659731721613,59.2371673583984,1857000,0,0
2016-01-15 00:00:00,58.4046242044485,58.6092315339977,55.3214165895863,55.8223495483398,6702100,0,0
2016-01-19 00:00:00,56.3867759021583,57.4239209385292,55.9140652230701,56.0904502868652,4571500,0,0
2016-01-20 00:00:00,55.8576276582453,56.0904572632966,53.4164587176332,55.1873664855957,4752400,0,0
2016-01-21 00:00:00,55.3496315144277,56.485551769208,55.0533058956619,55.8293991088867,2475100,0,0
2016-01-22 00:00:00,56.7183950559714,57.819036410449,56.3374025756878,57.5862121582031,2183300,0,0
2016-01-25 00:00:00,57.5579857889613,57.9813089425741,57.2404893866173,57.2828254699707,2472200,0,0
2016-01-26 00:00:00,58.2353063482318,59.54055503601,57.9954198086771,58.990234375,2952700,0,0
2016-01-27 00:00:00,58.8279538861574,59.639326385101,58.2494110002999,58.693904876709,1922000,0,0
2016-01-28 00:00:00,58.9126009921002,60.6552859785108,58.9126009921002,59.836856842041,2812900,0,0
2016-01-29 00:00:00,60.3237088267141,60.8881433431436,59.9497732472894,60.8175849914551,3165100,0,0
2016-02-01 00:00:00,60.4083549657807,61.5583835749733,60.3589673661919,61.2550010681152,2411400,0,0
2016-02-02 00:00:00,60.8387331114427,61.2761645853676,60.443626943674,60.8246192932129,2053400,0,0
2016-02-03 00:00:00,60.8951710968673,61.332607945455,59.5617005898442,61.2197189331055,2453800,0,0
2016-02-04 00:00:00,61.0292345306993,61.2761725533875,60.4295263662153,60.8316841125488,1776800,0,0
2016-02-05 00:00:00,60.4789080806993,60.7681767697205,58.8914425972211,59.3077087402344,2246200,0,0
2016-02-08 00:00:00,58.7715118124003,58.8561732072244,56.4785057332574,57.6426429748535,3126100,0,0
2016-02-09 00:00:00,56.9723683878346,58.3622833757031,56.6548774663652,57.9953994750977,2383700,0,0
2016-02-10 00:00:00,58.1717797188136,58.7079917077889,57.6214592961375,57.7343482971191,1472700,0,0
2016-02-11 00:00:00,56.471445607925,57.8754692815673,56.436166440193,57.5085906982422,2494700,0,0
2016-02-12 00:00:00,58.4540151210958,58.7221238908618,57.9530821339613,58.6515655517578,2030000,0,0
2016-02-16 00:00:00,59.3923897880023,59.5264441835804,58.8843998498602,59.2653923034668,1551600,0,0
2016-02-17 00:00:00,59.385313092238,59.9638557995211,59.088987521327,59.7451400756836,2031600,0,0
2016-02-18 00:00:00,59.7733717224837,61.2973358858719,59.5617074912252,60.6905708312988,2890700,0,0
2016-02-19 00:00:00,60.3942578620129,60.6059221375997,59.7874926803668,60.295482635498,2136300,0,0
2016-02-22 00:00:00,60.7611202877924,61.7347637670952,60.5000684917533,61.2126655578613,2448300,0,0
2016-02-23 00:00:00,60.8740285220306,61.1562457756202,60.5635890047974,60.9234161376953,2372100,0,0
2016-02-24 00:00:00,60.6129736984195,61.3255655721107,60.4083663521725,60.8881340026855,1913900,0,0
2016-02-25 00:00:00,61.3467254355149,62.2709868663055,60.6976296672303,61.1985626220703,3588800,0,0
2016-02-26 00:00:00,60.1755386841066,60.9586889238838,59.667548757457,60.5283088684082,2797300,0,0
2016-02-29 00:00:00,60.5565175612799,61.5442749325844,60.4718507981928,61.0292282104492,2169100,0,0
2016-03-01 00:00:00,61.3819964632095,61.9182085142225,61.0362832776821,61.9040946960449,1936500,0,0
2016-03-02 00:00:00,61.8053320952189,62.4120972122362,61.5654509657609,62.376823425293,1575400,0,0
2016-03-03 00:00:00,62.4050266196365,62.4050266196365,61.4666622734271,62.0099258422852,2354700,0,0
2016-03-04 00:00:00,61.8335403639418,62.0169823162156,61.4172742454159,61.5583801269531,2319100,0,0
2016-03-07 00:00:00,61.2409071707544,61.4666798771645,60.5776974906797,60.8669662475586,1841800,0,0
2016-03-08 00:00:00,60.6129911106679,61.0292574505524,60.2319985685031,60.3096084594727,3321700,0,0
2016-03-09 00:00:00,60.4789145543799,60.6764649744368,59.7380950963214,60.1261444091797,3123400,0,0
2016-03-10 00:00:00,61.0433315961769,61.2126651083424,59.6181428572711,59.9709129333496,2293800,0,0
2016-03-11 00:00:00,60.4930217920745,60.5776885630678,59.7380939116311,60.5212440490723,2977200,0,0
2016-03-14 00:00:00,60.1966855667261,60.4224582001026,59.5405330099063,59.9709129333496,2925100,0,0
2016-03-15 00:00:00,59.6957470299122,60.5423929788802,59.4981966673426,60.1825714111328,2969400,0,0
2016-03-16 00:00:00,60.1219835873902,60.6852045176175,59.9294875351555,60.6067810058594,2984100,0.885,0
2016-03-17 00:00:00,60.7850317801394,61.8829558036716,60.7422518462026,61.2983474731445,3877800,0,0
2016-03-18 00:00:00,61.2840454284071,61.8757842657939,61.2341400709935,61.6119956970215,3649200,0,0
2016-03-21 00:00:00,61.4123897577824,61.4836823664592,60.9774977737932,61.255542755127,2055300,0,0
2016-03-22 00:00:00,61.2199154953654,61.5050860061165,61.0987120450895,61.3125953674316,2089000,0,0
2016-03-23 00:00:00,61.3838790335734,61.4623025443644,61.0274105078973,61.0701904296875,1837200,0,0
2016-03-24 00:00:00,61.048785213762,61.1129523636326,60.5996369217756,61.0131416320801,2122800,0,0
2016-03-28 00:00:00,61.098701076553,61.5193367511716,60.9846339805859,61.0915756225586,1544900,0,0
2016-03-29 00:00:00,61.1343651703698,61.8401714784931,61.0987161345005,61.6334190368652,2174700,0,0
2016-03-30 00:00:00,61.8686976610326,62.4461751300778,61.8473104124428,61.9756393432617,2535500,0,0
2016-03-31 00:00:00,62.0041564056795,62.2750706152225,61.6548186598226,61.669075012207,3056500,0,0
2016-04-01 00:00:00,61.4052810726007,62.3035834967801,61.2983448405502,62.1039619445801,4645600,0,0
2016-04-04 00:00:00,62.2750693406991,62.3820110188732,61.9898933453283,62.0397987365723,1883200,0,0
2016-04-05 00:00:00,61.7617395407971,62.0183973341249,61.2983347732737,61.4195327758789,1895900,0,0
2016-04-06 00:00:00,61.3339830779039,62.1396055508063,61.148617893084,62.0184020996094,1691200,0,0
2016-04-07 00:00:00,61.833025241372,62.0540339595016,61.5193312368443,61.8615379333496,1897500,0,0
2016-04-08 00:00:00,62.1823773923726,62.8881836285682,61.8972014523174,62.7741165161133,1887600,0,0
2016-04-11 00:00:00,62.9594799274808,63.3230794082494,62.2608045448202,62.3891334533691,1717900,0,0
2016-04-12 00:00:00,62.4532748660734,62.7598379678932,62.089675503618,62.510311126709,1024500,0,0
2016-04-13 00:00:00,62.7527166282734,62.8596582734255,62.4818025079292,62.6671676635742,1477400,0,0
2016-04-14 00:00:00,62.6600283317705,62.6600283317705,62.0255148790694,62.1395874023438,1320900,0,0
2016-04-15 00:00:00,62.1182132141276,62.3748710286113,61.8758171889368,62.225154876709,1275500,0,0
2016-04-18 00:00:00,62.1609770769268,62.5530891526767,62.0611663347885,62.439022064209,1059900,0,0
2016-04-19 00:00:00,62.5245825250351,62.8881819750272,62.3035737609608,62.8026275634766,1502900,0,0
2016-04-20 00:00:00,62.7741139913706,62.9951227523671,62.0968204810701,62.4532890319824,2248100,0,0
2016-04-21 00:00:00,62.2536693089267,62.3178364783661,61.2127817629607,61.2341690063477,3036000,0,0
2016-04-22 00:00:00,61.3553498558398,62.631507600786,61.3125753810263,62.5602149963379,2758600,0,0
2016-04-25 00:00:00,62.4818009368361,62.4818009368361,61.7759947994247,62.1538505554199,2182000,0,0
2016-04-26 00:00:00,62.3035799689716,62.7099539455914,62.1253456732738,62.4247779846191,1336800,0,0
2016-04-27 00:00:00,62.2893173360488,62.7028167265097,61.9613669177557,62.5531005859375,1508500,0,0
2016-04-28 00:00:00,62.0754150696204,62.7313157058985,61.9684734477915,62.1253204345703,1424200,0,0
2016-04-29 00:00:00,61.9756209537533,62.2394096330759,61.4052691106205,61.9399719238281,1800200,0,0
2016-05-02 00:00:00,62.0754309456427,62.5459720263219,62.004138325949,62.4033813476563,1378900,0,0
2016-05-03 00:00:00,61.9684773841249,62.0540317748779,61.0202699505678,61.5193290710449,2212100,0,0
2016-05-04 00:00:00,61.2983510238802,62.8810672499529,61.2627019834145,62.6743202209473,1681800,0,0
2016-05-05 00:00:00,62.6529216667118,63.1163319529764,62.6315344201469,62.6957015991211,1635400,0,0
2016-05-06 00:00:00,62.6386586911079,63.1020689283647,62.1253430707175,62.9808654785156,2171300,0,0
2016-05-09 00:00:00,63.1234520382838,63.9433307983035,62.9166996247638,63.7864837646484,2472900,0,0
2016-05-10 00:00:00,64.1643682182576,64.8773056429049,63.7009578043807,64.5778732299805,3191400,0,0
2016-05-11 00:00:00,64.449522358602,65.0056124904322,64.1714772926869,64.2499008178711,2525700,0,0
2016-05-12 00:00:00,64.4780303340151,64.6562646014672,64.1714671764265,64.4922866821289,1555500,0,0
2016-05-13 00:00:00,64.3354256377663,64.6419887285547,63.9433135983802,64.0573806762695,2381700,0,0
2016-05-16 00:00:00,64.0146211112286,64.6063601934743,63.8791613253637,64.4138641357422,1420400,0,0
2016-05-17 00:00:00,64.2998062030538,64.58497672451,63.8863013319517,64.2499008178711,3032000,0,0
2016-05-18 00:00:00,64.2071087271478,64.9485639089131,63.7365731044432,64.513671875,3794700,0,0
2016-05-19 00:00:00,63.8934022215935,64.1144109037172,63.5440592500914,63.8292350769043,1883200,0,0
2016-05-20 00:00:00,64.0502864016803,64.2142643790339,63.6795613875,64.1073226928711,1611700,0,0
2016-05-23 00:00:00,64.2641505853272,64.6348809280909,63.9433310619127,64.4209976196289,2092200,0,0
2016-05-24 00:00:00,64.6134890426593,65.112548288799,64.5421964187189,65.0840301513672,1721400,0,0
2016-05-25 00:00:00,65.2266122890874,65.5688244826738,64.7845947781664,64.9343109130859,1535900,0,0
2016-05-26 00:00:00,65.1695879333804,65.1695879333804,64.5707178949026,64.7418212890625,1069100,0,0
2016-05-27 00:00:00,64.8131113176225,65.0555073093462,64.6847824280986,64.7346878051758,1220600,0,0
2016-05-31 00:00:00,64.7560830781551,64.8630247392346,64.2285056673041,64.7418212890625,2031900,0,0
2016-06-01 00:00:00,64.4851554805119,64.9984710386072,64.3996065136815,64.7346878051758,1977300,0,0
2016-06-02 00:00:00,64.6348914635444,65.447639465332,64.5350752478546,65.447639465332,1212700,0,0
2016-06-03 00:00:00,65.1909502060495,66.2247065088487,65.1909502060495,66.1320266723633,2055300,0,0
2016-06-06 00:00:00,66.1605540571103,66.5954460509557,66.0464815292202,66.331657409668,1990900,0,0
2016-06-07 00:00:00,66.3459307070716,67.3725619632716,66.3102871124573,67.0303497314453,2047900,0,0
2016-06-08 00:00:00,67.0802418942413,67.550782940352,66.8235895700547,67.0089492797852,1431200,0,0
2016-06-09 00:00:00,66.951927227069,67.4438501387864,66.673876747474,67.3155212402344,1695200,0,0
2016-06-10 00:00:00,67.0945083002758,67.3369042939717,66.7522961123354,67.1087646484375,1847000,0,0
2016-06-13 00:00:00,67.0945059510734,67.5365288785034,67.0446005753376,67.3725509643555,2138400,0,0
2016-06-14 00:00:00,67.2228223091471,67.472349141323,66.6453451490719,66.7736740112305,2866600,0,0
2016-06-15 00:00:00,66.8636738771038,67.7633465463566,66.7053306087287,67.626594543457,2273400,0.885,0
2016-06-16 00:00:00,67.4466515724666,68.1591906998542,67.3674799481829,68.1232070922852,2084900,0,0
2016-06-17 00:00:00,67.9144808727779,68.0800175444369,67.5258216780805,67.9504699707031,2495300,0,0
2016-06-20 00:00:00,68.3823116899784,68.6774014265365,67.8640994303819,67.9504699707031,1470700,0,0
2016-06-21 00:00:00,68.0872170943644,68.7493747694783,68.0872170943644,68.6414184570313,1682300,0,0
2016-06-22 00:00:00,68.7133784374155,68.8357325629738,68.3822996611708,68.5478363037109,2052600,0,0
2016-06-23 00:00:00,68.9940768243959,69.3899348732694,68.7565619950718,69.1524200439453,2080400,0,0
2016-06-24 00:00:00,67.8353016759352,70.0592893020185,67.6193780948244,69.4115295410156,9755600,0,0
2016-06-27 00:00:00,69.2172006711643,69.9513364906154,68.9509011311692,69.9441375732422,4207100,0,0
2016-06-28 00:00:00,70.4407418261792,71.2540435791016,69.8865406344012,71.2540435791016,3221700,0,0
2016-06-29 00:00:00,71.5491386115964,72.3768327034477,71.3476074114197,72.211296081543,3860100,0,0
2016-06-30 00:00:00,72.168122573874,73.0102201573347,71.901823043976,73.0030212402344,2818300,0,0
2016-07-01 00:00:00,73.0893793165011,73.5428121755819,72.2832709647491,72.8230743408203,2727400,0,0
2016-07-05 00:00:00,72.7871043624814,73.8739103158324,72.6935403962167,73.8163299560547,2131600,0,0
2016-07-06 00:00:00,73.6867841257049,74.0034706444048,72.8590897101017,73.3557052612305,2439600,0,0
2016-07-07 00:00:00,73.2693325947888,73.4996485414237,72.8015017837963,73.0606079101563,1910000,0,0
2016-07-08 00:00:00,73.5716106629641,73.6939647908227,72.801491312377,73.5572128295898,2450700,0,0
2016-07-11 00:00:00,73.1901493351889,73.2765143694656,71.8658287342475,72.3624496459961,3075800,0,0
2016-07-12 00:00:00,72.1680987156059,72.3624309749153,71.2756254809831,72.0817337036133,4041900,0,0
2016-07-13 00:00:00,72.1681138000507,72.4848002199849,71.3908010738296,71.8298416137695,2437600,0,0
2016-07-14 00:00:00,72.1177442183245,72.1177442183245,71.2540608289847,71.5923385620117,1552200,0,0
2016-07-15 00:00:00,71.7794648253976,72.2616879115512,71.6211216051884,72.0529632568359,1654900,0,0
2016-07-18 00:00:00,71.9305946038876,72.2112918953351,71.4987475482789,71.5347366333008,1289300,0,0
2016-07-19 00:00:00,70.9445555047876,71.7290725708008,69.9945018180098,71.7290725708008,1797500,0,0
2016-07-20 00:00:00,71.7434910988056,71.8154638076342,70.8222272470016,70.8870010375977,1971800,0,0
2016-07-21 00:00:00,70.2824037326139,70.93736233545,70.1816408706391,70.7286376953125,2490100,0,0
2016-07-22 00:00:00,70.6710775025436,71.6499216429642,70.5343255224191,71.1604995727539,2461000,0,0
2016-07-25 00:00:00,71.1460662044418,71.1604640326142,69.7137898063849,70.0448684692383,2227900,0,0
2016-07-26 00:00:00,70.0592907154134,70.2320317802529,69.2603866279816,69.6274490356445,1907200,0,0
2016-07-27 00:00:00,69.5482770249061,69.6058573795252,68.9940812124009,69.1452255249023,1759100,0,0
2016-07-28 00:00:00,69.2100143164676,69.6418560531807,68.9868917844195,69.5051040649414,2109500,0,0
2016-07-29 00:00:00,69.5626679612629,70.174444067723,69.5266788704035,69.8361663818359,1920800,0,0
2016-08-01 00:00:00,69.7498049232816,70.3543821443127,69.6922245714221,70.3471832275391,1802800,0,0
2016-08-02 00:00:00,70.1528620196684,70.3255975979098,69.613058532895,69.7138214111328,1509400,0,0
2016-08-03 00:00:00,69.634650735513,69.7857950549138,68.9796865269443,69.1740188598633,1665000,0,0
2016-08-04 00:00:00,69.2243874214498,69.8217711616363,69.094834387327,69.7210083007813,1365100,0,0
2016-08-05 00:00:00,69.9081477911588,69.9297445430666,69.0804535098071,69.2531890869141,1396600,0,0
2016-08-08 00:00:00,69.2604030858133,69.526702681181,68.9149263652061,69.0228881835938,912300,0,0
2016-08-09 00:00:00,69.1020458593561,69.2603890955178,68.7493702911178,68.9652938842773,1739700,0,0
2016-08-10 00:00:00,68.9509016907539,69.3539532082867,68.9509016907539,69.2172012329102,1292900,0,0
2016-08-11 00:00:00,69.2819835143392,69.490708199596,68.9365068477707,69.289176940918,1050300,0,0
2016-08-12 00:00:00,69.3323773257888,69.8074016495085,69.2244155050269,69.469123840332,1118200,0,0
2016-08-15 00:00:00,69.5266842973644,69.8145805732188,69.231594595708,69.2459869384766,1261600,0,0
2016-08-16 00:00:00,68.9797011216203,69.0516793289913,67.9864644591957,68.2311782836914,1583500,0,0
2016-08-17 00:00:00,68.3966871487176,68.4326762377578,67.7561209001827,68.0728073120117,1707700,0,0
2016-08-18 00:00:00,68.058404730159,68.2671293514646,67.5905795522697,67.8712768554688,1307900,0,0
2016-08-19 00:00:00,67.7633218474644,67.7633218474644,66.7196986368191,67.2019271850586,1967900,0,0
2016-08-22 00:00:00,67.2954880976641,67.5977766728438,66.9212268366555,67.4466323852539,1651900,0,0
2016-08-23 00:00:00,67.5689865002794,67.8640816506909,67.4034498719894,67.4466323852539,1214700,0,0
2016-08-24 00:00:00,67.5330218127511,68.3967052668641,67.5330218127511,68.2095718383789,2261900,0,0
2016-08-25 00:00:00,68.2887234378825,68.655791269269,67.8856720096393,68.0080261230469,1855400,0,0
2016-08-26 00:00:00,68.0944097482015,68.3247256788439,66.9140399172631,67.1227645874023,2113700,0,0
2016-08-29 00:00:00,67.3386846797698,67.6553711529779,67.3098945011904,67.4610443115234,1510500,0,0
2016-08-30 00:00:00,67.5473853137829,67.8856629277302,67.1227426860027,67.7920989990234,1542600,0,0
2016-08-31 00:00:00,67.6625748799846,68.3751140041861,67.6265857814109,68.2095718383789,2347400,0,0
2016-09-01 00:00:00,68.1591784492378,68.3103282438237,67.9072712768689,68.1951675415039,1623600,0,0
2016-09-02 00:00:00,68.5550298488354,69.2099939246197,68.5406375080239,69.1380157470703,2186400,0,0
2016-09-06 00:00:00,69.8145790158727,70.5774994623786,69.634644533873,70.555908203125,3204800,0,0
2016-09-07 00:00:00,70.354392173422,71.2540647076089,70.2464303710865,71.1461029052734,6552100,0,0
2016-09-08 00:00:00,70.9661694677108,71.0669323537647,70.2608292653332,70.2896194458008,3438100,0,0
2016-09-09 00:00:00,69.8577541263982,69.8577541263982,67.1443448416959,67.1587371826172,5777800,0,0
2016-09-12 00:00:00,66.9500239062325,67.8065138522205,66.6045527538637,67.6049880981445,2685300,0,0
2016-09-13 00:00:00,67.7417323387275,67.8424952042651,65.4745568818035,66.1223220825195,4138100,0,0
2016-09-14 00:00:00,66.4893139875579,66.8090807507566,66.1404825591372,66.4166412353516,2293600,0.885,0
2016-09-15 00:00:00,66.4094041082183,66.9326570460738,66.1695844655164,66.4675445556641,2717700,0,0
2016-09-16 00:00:00,66.2277096871407,66.3294526830088,65.2756835638418,65.6753921508789,3927200,0,0
2016-09-19 00:00:00,65.7771212799507,66.8962995431377,65.6753783055316,66.7146148681641,2511300,0,0
2016-09-20 00:00:00,67.1288556405643,67.2015284015684,66.5401935239056,66.5474624633789,2263300,0,0
2016-09-21 00:00:00,66.518397564682,67.9500738036123,66.1913673417467,67.9064712524414,2882300,0,0
2016-09-22 00:00:00,68.2989068077335,69.2582016888013,68.2044272263481,68.916633605957,3964700,0,0
2016-09-23 00:00:00,68.4587685198269,69.4762035887496,68.2916217599306,69.1709747314453,2603300,0,0
2016-09-26 00:00:00,68.9311745751088,69.650644439888,68.7858290318768,69.4834976196289,2611900,0,0
2016-09-27 00:00:00,69.7596444710965,69.839586169612,69.0183734557246,69.0256423950195,1910800,0,0
2016-09-28 00:00:00,69.1055759699936,69.3017985116,68.5750598573631,68.5823287963867,2649800,0,0
2016-09-29 00:00:00,68.6186768858589,68.676817321168,67.7320546534163,68.3207168579102,2473900,0,0
2016-09-30 00:00:00,68.6477491604769,68.945714741931,68.1172329199727,68.466064453125,2712500,0,0
2016-10-03 00:00:00,68.153540690619,68.4078980755428,67.6157557132692,67.8919143676758,2308100,0,0
2016-10-04 00:00:00,68.0155117257119,68.0155117257119,65.8062296753894,66.0315170288086,3191400,0,0
2016-10-05 00:00:00,66.3003778073769,66.5038637678055,64.2437058388317,64.7233505249023,3829000,0,0
2016-10-06 00:00:00,64.6070770291231,65.2538740835208,64.1128944493452,64.5634689331055,2303100,0,0
2016-10-07 00:00:00,64.7814936735056,65.3919571249864,63.9239417010141,64.1710357666016,1618000,0,0
2016-10-10 00:00:00,64.1782956656478,64.6797471651251,64.0256811972366,64.4617233276367,1029200,0,0
2016-10-11 00:00:00,64.3963208671638,64.9559072631913,64.2655076708153,64.6797485351563,2321200,0,0
2016-10-12 00:00:00,64.5562064497095,66.7291538255838,64.5562064497095,66.4602584838867,3352200,0,0
2016-10-13 00:00:00,66.3875959608386,66.9326501239728,66.2495193431574,66.7291641235352,1888900,0,0
2016-10-14 00:00:00,66.8163558239367,67.572164714342,66.7291451865367,66.8817596435547,2141400,0,0
2016-10-17 00:00:00,67.063438885892,67.4340771341278,66.7364087251151,66.8526840209961,1347300,0,0
2016-10-18 00:00:00,67.2160778452365,67.4413706696448,66.5692806818833,66.7291641235352,2325200,0,0
2016-10-19 00:00:00,66.9689825493794,67.1215970343557,65.8716053921761,66.6492156982422,2303000,0,0
2016-10-20 00:00:00,66.6564784788906,66.7218823044461,65.9878801651885,66.5256652832031,2425500,0,0
2016-10-21 00:00:00,65.8352530246004,69.105577018275,65.8207206909086,68.9820327758789,4441600,0,0
2016-10-24 00:00:00,69.4326109351205,69.6506292022721,68.4587782658672,69.1419143676758,3932900,0,0
2016-10-25 00:00:00,68.9893216182628,69.3090884974939,68.022757583916,68.2698516845703,3137100,0,0
2016-10-26 00:00:00,67.8919294594045,68.5096562585559,66.9399035165309,67.2451324462891,2419300,0,0
2016-10-27 00:00:00,67.3686721752722,67.3686721752722,65.9224637812349,65.9733352661133,1803900,0,0
2016-10-28 00:00:00,66.1114290099065,66.6492141652501,66.0096860222625,66.2931137084961,1588500,0,0
2016-10-31 00:00:00,66.6419374930977,66.8090898360211,65.8425260209658,66.1259536743164,2559300,0,0
2016-11-01 00:00:00,66.373050933807,66.5619990154752,65.0431176993126,65.3628845214844,2975800,0,0
2016-11-02 00:00:00,63.9093878944427,64.3526988398657,63.5968901057768,63.8803176879883,6492700,0,0
2016-11-03 00:00:00,64.0547562886545,64.2291720451784,63.6114451846997,63.7131881713867,1991900,0,0
2016-11-04 00:00:00,63.9675597346093,64.0911095695932,63.5605876981772,63.8149452209473,2655400,0,0
2016-11-07 00:00:00,64.7451577713843,65.0649246213076,64.2073726057128,64.7088241577148,5054100,0,0
2016-11-08 00:00:00,64.8468980696699,65.3556129530501,64.8468980696699,65.2611389160156,3664000,0,0
2016-11-09 00:00:00,64.3163741279437,64.4907898612331,61.9690057173329,62.3033103942871,5479400,0,0
2016-11-10 00:00:00,62.1143574862224,62.1143574862224,59.6507137403546,60.246639251709,6994500,0,0
2016-11-11 00:00:00,60.3411206565896,61.0460581678025,59.3672933424526,59.7742652893066,9705500,0,0
2016-11-14 00:00:00,60.0504088941763,60.0722157097549,57.6885084295361,59.5852966308594,6627900,0,0
2016-11-15 00:00:00,59.7161184596412,60.391985681607,59.5199014475889,60.1666984558105,4978900,0,0
2016-11-16 00:00:00,60.2466491873193,61.9617532432502,60.2466491873193,61.8382034301758,4909900,0,0
2016-11-17 00:00:00,61.7800417970662,62.3759671487517,61.4166725449512,61.8527145385742,3437100,0,0
2016-11-18 00:00:00,61.8454732195183,62.3759950041353,61.5765834014024,61.7728004455566,2357500,0,0
2016-11-21 00:00:00,61.9254150080524,62.0707661007262,61.1187344635887,61.4457702636719,2532600,0,0
2016-11-22 00:00:00,61.8454506259193,62.4195747562568,61.3221979732281,62.0780067443848,2218700,0,0
2016-11-23 00:00:00,61.7073961893754,61.9690170649287,60.8716454331019,61.1623420715332,2107200,0,0
2016-11-25 00:00:00,61.2132139526831,61.8382042440648,61.1332722379969,61.6056480407715,860700,0,0
2016-11-28 00:00:00,61.5547610117978,62.0126099066624,60.9152330002645,61.3004035949707,3068300,0,0
2016-11-29 00:00:00,61.3730881263531,62.1652362845498,60.9806540619945,61.9399490356445,2427500,0,0
2016-11-30 00:00:00,61.780061299161,61.8236638489149,60.6463451043716,60.6536140441895,3883500,0,0
2016-12-01 00:00:00,60.4573960192323,60.5591389966819,58.7350232531334,59.2510070800781,3122700,0,0
2016-12-02 00:00:00,59.6652468673803,60.4137868501091,59.1056605013697,59.5053634643555,2660500,0,0
2016-12-05 00:00:00,59.4326832265281,60.5227911523106,59.2073960294639,60.5082588195801,2153500,0,0
2016-12-06 00:00:00,61.0823987917171,61.5257099064322,60.5082744702897,60.639087677002,3265100,0,0
2016-12-07 00:00:00,60.8425645708352,61.6637773020044,60.6027394702417,61.5838356018066,2670100,0,0
2016-12-08 00:00:00,61.7364612862872,62.0416958082498,61.3512905941708,61.7728004455566,2137400,0,0
2016-12-09 00:00:00,61.8890670098161,62.2451674010963,61.6347040428972,62.1870269775391,1871300,0,0
2016-12-12 00:00:00,62.1434364614467,63.5169723525542,61.8018683376495,63.1172637939453,2789300,0,0
2016-12-13 00:00:00,63.3934263602987,64.0256855517786,63.2553442175263,63.923942565918,2669900,0,0
2016-12-14 00:00:00,63.9900558158014,64.2471904000358,63.2186520630985,63.3361968994141,3018000,0.95,0
2016-12-15 00:00:00,63.2553893185081,63.6300743853171,62.6896931710715,63.1011085510254,2248000,0,0
2016-12-16 00:00:00,63.468428466018,63.5492429806452,62.6823282279186,62.9615020751953,5407300,0,0
2016-12-19 00:00:00,63.1378437924294,64.2545450710962,62.9688664174089,64.1076126098633,1422200,0,0
2016-12-20 00:00:00,64.107610676439,64.4749474235569,63.9165939985058,64.3353576660156,1245100,0,0
2016-12-21 00:00:00,64.3647382955573,64.8349288324487,63.9974015882912,64.012092590332,1528100,0,0
2016-12-22 00:00:00,63.9312780663245,64.2839237715497,63.3949696125796,64.012092590332,1272100,0,0
2016-12-23 00:00:00,64.2104612100796,64.511674412543,63.8945513996245,64.0929107666016,562000,0,0
2016-12-27 00:00:00,64.239851315093,64.6218790610017,64.0635256430301,64.3059692382813,790000,0,0
2016-12-28 00:00:00,64.4235235353016,64.5631076942985,63.6815017017678,63.7476196289063,1115600,0,0
2016-12-29 00:00:00,63.909245957109,64.1296502483322,63.5786451253881,63.923942565918,1681400,0,0
2016-12-30 00:00:00,64.0121025476883,64.0194508524084,63.4757940105183,63.7476196289063,1633100,0,0
2017-01-03 00:00:00,64.1002464391033,64.3720775822443,63.5492414553861,63.769645690918,2472100,0,0
2017-01-04 00:00:00,63.9680268608451,64.2912850219725,63.9386392457322,64.1516952514648,1939500,0,0
2017-01-05 00:00:00,64.0929107666016,64.2912757386923,63.7549616492728,64.0929107666016,2400300,0,0
2017-01-06 00:00:00,64.0928975469508,64.1590210590471,62.7778316586297,62.814567565918,2568800,0,0
2017-01-09 00:00:00,62.8953958210965,63.1819180241925,62.1460257475273,62.9835586547852,2141600,0,0
2017-01-10 00:00:00,62.836636684063,62.9541871590727,61.6831992723272,61.9770698547363,2220700,0,0
2017-01-11 00:00:00,62.0431721449658,62.8953960584983,61.8742003861502,62.5941772460938,1645200,0,0
2017-01-12 00:00:00,62.5280675509849,62.7631628675255,62.1754217736167,62.5794944763184,1379500,0,0
2017-01-13 00:00:00,62.5941887683226,63.1672388872773,62.5648067566873,62.946834564209,1270500,0,0
2017-01-17 00:00:00,62.9100884554592,64.2839298892183,62.8807008434676,64.1810760498047,1816700,0,0
2017-01-18 00:00:00,64.2031273794759,64.8496381490076,63.9606837389834,64.0635375976563,1318800,0,0
2017-01-19 00:00:00,63.960669104884,64.1002588547657,62.9394734523404,63.034984588623,1782000,0,0
2017-01-20 00:00:00,63.2627338503677,63.8357782683042,63.2480372418949,63.784351348877,1842900,0,0
2017-01-23 00:00:00,63.8431332460854,64.1810824098068,63.7917063212824,63.9606781005859,1424900,0,0
2017-01-24 00:00:00,64.0120847990258,64.4235056725642,63.769646861625,64.4014663696289,1885400,0,0
2017-01-25 00:00:00,64.6733071064236,64.7541216395806,63.7696618431065,64.0488357543945,1797400,0,0
2017-01-26 00:00:00,64.6953377898306,66.2234598065727,64.4969784381433,64.6586074829102,2120100,0,0
2017-01-27 00:00:00,64.7688226431535,65.0479965733843,63.6815033265176,63.806396484375,1497600,0,0
2017-01-30 00:00:00,63.8725254400546,63.9827219974507,63.343559544094,63.7402839660645,1390100,0,0
2017-01-31 00:00:00,64.1737366585254,64.5484217570653,63.7990515599854,64.5263824462891,3073200,0,0
2017-02-01 00:00:00,64.8569855742799,65.2316706858536,63.644772993387,63.6594696044922,2286500,0,0
2017-02-02 00:00:00,63.7035400402519,64.5631067106403,63.5492592741653,64.482292175293,1777500,0,0
2017-02-03 00:00:00,64.9010680762645,65.4814609370797,64.739444580252,65.194938659668,2090300,0,0
2017-02-06 00:00:00,65.18022007186,65.18022007186,63.8725024144448,63.9459686279297,1711700,0,0
2017-02-07 00:00:00,64.1296531502819,64.3206698376448,63.7108894620994,64.2251586914063,1093600,0,0
2017-02-08 00:00:00,64.2839159471572,64.8496119412426,64.1884104327334,64.4014663696289,1116500,0,0
2017-02-09 00:00:00,64.4529089700961,64.6512683499196,64.1810777557838,64.4896392822266,1052600,0,0
2017-02-10 00:00:00,64.3059559971017,64.4381974213622,63.8651531179374,64.327995300293,1229100,0,0
2017-02-13 00:00:00,64.6071946314432,66.2895977557124,64.5924980213857,66.2822494506836,2225300,0,0
2017-02-14 00:00:00,66.1426540758394,66.3704010664029,65.5108344196497,66.3042831420898,2041500,0,0
2017-02-15 00:00:00,65.8414400061754,66.2455070614689,65.4153280379484,66.1500015258789,1717800,0,0
2017-02-16 00:00:00,66.1940750629919,66.8332429662944,66.1940750629919,66.4879455566406,1558500,0,0
2017-02-17 00:00:00,66.5247006253207,67.1124361767367,65.0480050332448,65.554931640625,3408600,0,0
2017-02-21 00:00:00,65.5402052523743,66.2014123517904,65.2610314126709,66.1205978393555,2552600,0,0
2017-02-22 00:00:00,66.3777602724895,66.5981645999594,65.9589965343886,66.5467376708984,1865100,0,0
2017-02-23 00:00:00,66.7818198964055,67.6707741271825,66.5908032237657,67.0463027954102,2490000,0,0
2017-02-24 00:00:00,66.8553089678308,68.0748700416556,66.5173597269809,68.0234375,2147800,0,0
2017-02-27 00:00:00,68.0748286488569,68.4054293820039,67.5017787835633,68.0087051391602,1558300,0,0
2017-02-28 00:00:00,67.9646551820275,68.8389129400987,67.7515991689354,68.7140197753906,2294000,0,0
2017-03-01 00:00:00,68.6405623336349,68.6405623336349,67.5238608032429,68.3320007324219,1942700,0,0
2017-03-02 00:00:00,68.4348348045065,68.8021715392541,68.0013745428452,68.0968856811523,1416300,0,0
2017-03-03 00:00:00,67.9205650007352,68.1556603040341,66.745088484241,67.4062957763672,2546500,0,0
2017-03-06 00:00:00,67.2887537663432,67.7295624198212,67.068355044719,67.5605850219727,2135300,0,0
2017-03-07 00:00:00,67.5164885928064,68.155650882579,67.0316014439039,67.2226181030273,1408500,0,0
2017-03-08 00:00:00,67.7589367751512,67.8764816159883,66.5614154287598,66.5687637329102,2161300,0,0
2017-03-09 00:00:00,66.6569217124276,66.7671182410882,66.135298652905,66.4952926635742,2210700,0,0
2017-03-10 00:00:00,66.4952941898432,67.1418047949828,66.0324463383914,66.3263168334961,2127100,0,0
2017-03-13 00:00:00,66.4218324752914,66.7010063817756,66.1720405757097,66.5614166259766,2523000,0,0
2017-03-14 00:00:00,66.3704005117634,66.5393778810079,65.8561313099131,65.8634796142578,1838500,0,0
2017-03-15 00:00:00,65.9822708361763,67.0738082884352,65.87088842296,66.7693634033203,2883000,0.95,0
2017-03-16 00:00:00,66.7693824548287,66.9772933307457,66.1159474640688,66.5466232299805,2528100,0,0
2017-03-17 00:00:00,66.5317555494452,67.0663866434955,66.4797778411429,66.6802673339844,2597700,0,0
2017-03-20 00:00:00,66.6802712532114,67.623297063595,66.6654172413118,67.4896392822266,2404400,0,0
2017-03-21 00:00:00,67.704986837733,68.3584218263324,67.289165087274,67.3485641479492,3294100,0,0
2017-03-22 00:00:00,67.5490504994835,68.1727830957918,67.1555041234586,68.10595703125,3937300,0,0
2017-03-23 00:00:00,68.0613930607515,69.2568803040852,67.8980329368384,69.056396484375,2405400,0,0
2017-03-24 00:00:00,69.1232375712299,69.7618241953496,68.900478352559,69.5613403320313,2232300,0,0
2017-03-27 00:00:00,69.4128243674927,69.8434943953947,69.2791665891382,69.7692413330078,2740500,0,0
2017-03-28 00:00:00,69.7915267545634,70.3707086559475,69.7395490368788,70.2296295166016,3497700,0,0
2017-03-29 00:00:00,70.2667543510125,70.8756386244614,70.0959728466499,70.1999282836914,1883900,0,0
2017-03-30 00:00:00,70.1999488947596,70.5415176689177,69.8658014646075,70.2593536376953,1384800,0,0
2017-03-31 00:00:00,69.9845886427432,70.3558596700257,69.7395484051017,70.1330947875977,2118000,0,0
2017-04-03 00:00:00,70.1256673299359,70.8904846730107,69.6355868973953,69.9697341918945,2128400,0,0
2017-04-04 00:00:00,69.9623128088803,70.0068635190026,69.5687664290768,69.672721862793,1900300,0,0
2017-04-05 00:00:00,69.8063846083835,70.1702286521908,69.531641991139,69.5687713623047,1609700,0,0
2017-04-06 00:00:00,69.5019262713155,70.1627881620126,69.3385661338136,70.0811080932617,1982400,0,0
2017-04-07 00:00:00,70.1108223243306,70.4449696617556,69.7469782888268,70.1702270507813,1324600,0,0
2017-04-10 00:00:00,70.1999063638607,70.5637502798963,70.1776310150424,70.5266265869141,1231700,0,0
2017-04-11 00:00:00,70.6528660017373,71.3582785714677,70.6305906501883,71.1503677368164,1860700,0,0
2017-04-12 00:00:00,70.9127590770813,71.6404527100129,70.8088036531119,71.6181716918945,1857600,0,0
2017-04-13 00:00:00,71.5810603345878,71.6478864050284,71.1949352659976,71.2840423583984,2057000,0,0
2017-04-17 00:00:00,71.6033262123228,71.8409394287889,71.2097798536582,71.5067977905273,2387600,0,0
2017-04-18 00:00:00,71.4399602958969,72.0785468258065,71.2394764621557,71.8706359863281,2008300,0,0
2017-04-19 00:00:00,71.9300373297507,72.2493305797366,71.4919346541211,71.6701431274414,1976100,0,0
2017-04-20 00:00:00,71.7147016584476,71.7147016584476,71.0464127819009,71.3137283325195,4264100,0,0
2017-04-21 00:00:00,71.1577929162358,71.4399568038576,70.6454371831759,70.9350280761719,2207000,0,0
2017-04-24 00:00:00,71.2468917100069,71.402830491426,69.9622974194491,70.3261413574219,3261400,0,0
2017-04-25 00:00:00,71.8261094804605,72.0265933817448,69.4351226906429,69.9994506835938,2857400,0,0
2017-04-26 00:00:00,69.9474621591646,70.3187332017613,69.6133204868862,70.1702270507813,5034000,0,0
2017-04-27 00:00:00,70.1702237053856,70.9795918203891,70.1702237053856,70.5563430786133,2593900,0,0
2017-04-28 00:00:00,70.4449658429753,70.5489212760552,69.8657782891987,70.2444763183594,1821300,0,0
2017-05-01 00:00:00,70.4523889542362,70.697429194857,69.9029094134185,70.3113098144531,2033800,0,0
2017-05-02 00:00:00,70.36326751055,70.4894982658069,69.8434848148505,70.0588226318359,1960500,0,0
2017-05-03 00:00:00,70.2741703195162,70.3781257402287,69.7024155055974,69.8509216308594,1579600,0,0
2017-05-04 00:00:00,69.6355860707683,70.5414881939988,69.2197643742609,70.3781280517578,1672700,0,0
2017-05-05 00:00:00,70.4449589618475,71.3063047039657,70.3187225210274,71.2246246337891,1527000,0,0
2017-05-08 00:00:00,71.3285845202003,71.3285845202003,70.4598117177527,70.8088073730469,1664000,0,0
2017-05-09 00:00:00,70.8162206478473,70.897900707297,70.2667355815233,70.5043487548828,1261100,0,0
2017-05-10 00:00:00,70.4449507784754,70.6008838947495,69.8954657038202,70.3261413574219,1446600,0,0
2017-05-11 00:00:00,70.1924970318947,70.4301102543554,69.9029060940565,70.1108169555664,1044300,0,0
2017-05-12 00:00:00,69.8509328663764,70.0662707482453,69.6504489985103,69.843505859375,1383500,0,0
2017-05-15 00:00:00,69.9103392611204,71.1503831980748,69.7321307448576,71.0835571289063,1930600,0,0
2017-05-16 00:00:00,71.2469192736552,71.6775950938745,71.0018846619383,71.2320709228516,1578100,0,0
2017-05-17 00:00:00,71.595913158802,73.496824926132,71.4251316357933,72.8582382202148,4158700,0,0
2017-05-18 00:00:00,72.843369650203,73.3780008009069,71.863214428961,73.2517700195313,2280100,0,0
2017-05-19 00:00:00,73.3854278292755,73.9052049675351,72.813667312044,73.83837890625,2195200,0,0
2017-05-22 00:00:00,73.8383746709883,74.209645652777,73.3928449607253,74.187370300293,1887200,0,0
2017-05-23 00:00:00,74.2616116648237,75.1600866193938,74.1428022500981,74.833366394043,2043300,0,0
2017-05-24 00:00:00,74.9818990725508,75.8358179021576,74.7814095455772,75.1229782104492,1882000,0,0
2017-05-25 00:00:00,74.7665635932765,76.6229187869509,74.7665635932765,76.318473815918,1569300,0,0
2017-05-26 00:00:00,76.3853003924948,76.3853003924948,75.7021574218258,76.3407440185547,1821300,0,0
2017-05-30 00:00:00,76.2961879815954,77.1723877392794,76.1996595642342,76.8679428100586,3048600,0,0
2017-05-31 00:00:00,77.0090276633265,77.476827068828,75.3977129347865,75.4793930053711,4980700,0,0
2017-06-01 00:00:00,75.7467146947432,76.9125054649058,75.4942474565734,76.8159713745117,1982900,0,0
2017-06-02 00:00:00,77.2020879409018,77.7292920489509,76.875367667969,77.6624603271484,1847200,0,0
2017-06-05 00:00:00,77.4619890425393,77.6996022799492,76.7788516931291,76.8234024047852,1303500,0,0
2017-06-06 00:00:00,76.8679339529141,77.2317835578843,76.5040900130889,76.6006240844727,1219800,0,0
2017-06-07 00:00:00,76.7491540575925,77.0832957458872,76.1848204595545,76.6377716064453,924500,0,0
2017-06-08 00:00:00,76.6377532190497,76.8976417659412,74.5215098155826,75.1303939819336,2383500,0,0
2017-06-09 00:00:00,75.0190038896449,76.3481545109149,74.9224754864217,75.783821105957,1481900,0,0
2017-06-12 00:00:00,74.5957768813424,76.0882880524723,73.9497632305199,75.8952255249023,3039000,0,0
2017-06-13 00:00:00,75.872952430349,76.4447073578928,75.4200012935957,75.835823059082,1928200,0,0
2017-06-14 00:00:00,76.4354231980676,77.1924280521224,76.1655977607466,76.3829574584961,2472600,0.95,0
2017-06-15 00:00:00,76.1206202045159,76.6452832990081,75.8133225180067,75.9257507324219,1642900,0,0
2017-06-16 00:00:00,75.8058341879618,76.4129386074789,75.5285119907525,75.8358154296875,3079400,0,0
2017-06-19 00:00:00,75.9707282756186,76.0531752609071,75.5584933491757,75.7683563232422,1796900,0,0
2017-06-20 00:00:00,75.9107758069968,76.0831665403448,74.9139208303286,75.4160995483398,1637600,0,0
2017-06-21 00:00:00,74.7714895462306,75.026321463632,74.0819325849236,74.5766143798828,2825200,0,0
2017-06-22 00:00:00,74.7340386277475,75.2512051063632,74.5316723682193,74.7565231323242,2063100,0,0
2017-06-23 00:00:00,74.8164789125439,75.1012921421981,74.5616469257486,74.8314666748047,2688000,0,0
2017-06-26 00:00:00,75.0263286196448,75.0263286196448,74.4566965427852,74.7639999389648,1961700,0,0
2017-06-27 00:00:00,76.2030700213909,77.9344508639236,76.2030700213909,76.3829574584961,5558200,0,0
2017-06-28 00:00:00,76.5103790726716,76.6228072995585,75.521020969074,75.8358154296875,2316200,0,0
2017-06-29 00:00:00,75.8807958372559,75.8807958372559,74.2843330742083,74.9738845825195,2745000,0,0
2017-06-30 00:00:00,74.9288912492799,75.4310640943846,74.7415128099123,75.0862884521484,1394800,0,0
2017-07-03 00:00:00,75.3486426276986,75.7458841386831,74.0669743548034,74.4342346191406,859400,0,0
2017-07-05 00:00:00,74.2018843625464,74.4941943586288,73.722195870599,74.2093811035156,2074300,0,0
2017-07-06 00:00:00,74.0444927055842,74.1494242137282,73.2050349220942,73.7296981811523,1273100,0,0
2017-07-07 00:00:00,73.8795746237025,74.6515729184472,73.8795746237025,74.5541381835938,1306400,0,0
2017-07-10 00:00:00,74.6890384874653,74.7564919730801,74.1269032339997,74.3292694091797,868500,0,0
2017-07-11 00:00:00,74.3817671469438,74.4267418750436,73.5048371465592,73.6697311401367,1231500,0,0
2017-07-12 00:00:00,74.0819593905254,75.3486398526143,74.0369903813797,74.9888763427734,1124300,0,0
2017-07-13 00:00:00,75.0338305991968,75.3711095381509,74.6815581812501,75.1837310791016,685600,0,0
2017-07-14 00:00:00,75.3261412265093,76.1581020497616,75.3111534657165,75.7758483886719,1967300,0,0
2017-07-17 00:00:00,75.6034545390015,75.6034545390015,72.5604248046875,72.5604248046875,3650400,0,0
2017-07-18 00:00:00,72.1931773304255,73.0626161837056,71.683507658791,72.4330215454102,2950800,0,0
2017-07-19 00:00:00,71.1888403271795,74.0369900198052,69.8097316306238,73.9470520019531,6701000,0,0
2017-07-20 00:00:00,73.9770174766959,74.3742646354682,72.0057980360125,72.9052124023438,6212800,0,0
2017-07-21 00:00:00,72.9051922900664,74.763988710927,72.0357594049073,74.3292694091797,23616100,0,0
2017-07-24 00:00:00,74.4717100928983,74.8014980765466,73.4823518602916,74.3068161010742,6329100,0,0
2017-07-25 00:00:00,74.4117204482297,74.6065956145775,73.8345974057798,74.5766143798828,5560200,0,0
2017-07-26 00:00:00,74.6365984002782,74.8089834016285,74.1119352191299,74.6216049194336,5984800,0,0
2017-07-27 00:00:00,74.7789956079186,75.1012867977958,74.2093691891461,75.0937957763672,4721500,0,0
2017-07-28 00:00:00,75.0788125571527,75.753376269819,74.5616518093901,75.386116027832,4786800,0,0
2017-07-31 00:00:00,75.4235882951071,75.8807922715621,74.2018825898555,75.386116027832,5191200,0,0
2017-08-01 00:00:00,75.6409384806858,76.0756578982194,75.1387655595714,75.6184539794922,2762200,0,0
2017-08-02 00:00:00,75.6109581495453,76.3229997664886,75.0788039809897,76.3080062866211,2940100,0,0
2017-08-03 00:00:00,76.4279373587198,76.4354340992526,75.4085979430931,75.6409454345703,2272800,0,0
2017-08-04 00:00:00,75.3636426947101,76.4954048332511,75.3636426947101,76.4654235839844,2373700,0,0
2017-08-07 00:00:00,76.1730874056464,76.4354218171009,75.5135173031875,75.8133239746094,2432900,0,0
2017-08-08 00:00:00,75.6259638217949,76.0681743374494,74.7265435898629,74.9738845825195,2160500,0,0
2017-08-09 00:00:00,75.0038460431636,75.5360001571335,74.4941764283515,75.5285034179688,2539900,0,0
2017-08-10 00:00:00,75.5285123996594,75.7158908727063,75.2062211972854,75.4835433959961,1954300,0,0
2017-08-11 00:00:00,75.7533644205478,75.8657926414625,75.3486262562568,75.5884704589844,1985300,0,0
2017-08-14 00:00:00,75.8882873742504,76.7951985667941,75.4235866670362,76.7277450561523,1776500,0,0
2017-08-15 00:00:00,76.5253557633557,77.2598817835263,76.2930083215174,77.2448883056641,2104600,0,0
2017-08-16 00:00:00,77.0800115422112,78.7364423967355,77.0800115422112,77.7920532226563,2726600,0,0
2017-08-17 00:00:00,77.829510636969,78.6165024182449,77.7695538786045,78.0543670654297,2740400,0,0
2017-08-18 00:00:00,78.1817943187534,78.4141475199068,77.9269623335148,78.0393905639648,3525000,0,0
2017-08-21 00:00:00,78.2192683965873,78.6839690573566,78.0918524103292,78.5715408325195,1666000,0,0
2017-08-22 00:00:00,78.7289132968739,79.7857245539284,78.7064288026461,79.2535705566406,2423100,0,0
2017-08-23 00:00:00,78.7663965009169,79.8981638538926,78.7663965009169,79.5234069824219,2214800,0,0
2017-08-24 00:00:00,79.6358601742238,80.3329084025999,79.4185004343713,80.0031204223633,1990600,0,0
2017-08-25 00:00:00,80.272930072052,80.86504668412,80.0031046357087,80.1904830932617,2158400,0,0
2017-08-28 00:00:00,80.2654415275506,80.4303355019665,80.0106095440623,80.235466003418,3116500,0,0
2017-08-29 00:00:00,80.1979944144732,80.4078574101565,79.9581501739298,80.2129821777344,1821400,0,0
2017-08-30 00:00:00,80.0406042035457,80.4678269732661,79.9206792135633,80.4003677368164,1967200,0,0
2017-08-31 00:00:00,80.6701877602235,81.6070802369821,80.4378402558554,81.2772979736328,2253400,0,0
2017-09-01 00:00:00,81.2997643359768,81.4046958124911,79.9581339224448,80.2054748535156,2590700,0,0
2017-09-05 00:00:00,80.3403915748152,80.9025269634588,80.1904853735081,80.2204666137695,2004500,0,0
2017-09-06 00:00:00,80.437816703657,80.6027106462196,79.0662051468892,79.4559555053711,2682200,0,0
2017-09-07 00:00:00,79.5683909601216,80.3403892903062,79.4559627419224,80.1904830932617,1825000,0,0
2017-09-08 00:00:00,80.1755040569994,80.3254045520185,79.3810211403909,79.8157348632813,2079900,0,0
2017-09-11 00:00:00,80.0780562225052,80.4603098834797,79.8382120215351,80.1455154418945,1864200,0,0
2017-09-12 00:00:00,80.1530207879905,80.2054865338883,78.8638559249737,79.6058731079102,1692900,0,0
2017-09-13 00:00:00,79.5084304440369,79.553399445092,78.2717314499906,78.6614761352539,2103900,0,0
2017-09-14 00:00:00,78.6766063656989,79.4027174286951,78.0110112902863,79.2741317749023,1769400,0.95,0
2017-09-15 00:00:00,79.4102858839458,79.8489763511752,79.0699259731553,79.7809066772461,2987800,0,0
2017-09-18 00:00:00,79.7052571595539,80.3103477899459,78.9488967568498,79.032096862793,1557700,0,0
2017-09-19 00:00:00,79.100166035271,79.6069260800118,75.9612694585244,77.269775390625,4935600,0,0
2017-09-20 00:00:00,77.3378433527324,77.7765337268587,76.2486826364388,77.0277328491211,2093200,0,0
2017-09-21 00:00:00,76.9294067611346,77.3680971277165,76.755447120623,76.8462066650391,1616400,0,0
2017-09-22 00:00:00,76.4302246686802,76.7327642278204,75.6738642296851,76.0898590087891,2720000,0,0
2017-09-25 00:00:00,75.9990981361374,76.6041830145353,75.3108073786698,75.7343673706055,1733800,0,0
2017-09-26 00:00:00,75.8553790118241,76.1427938629393,75.0006939070495,75.3107986450195,2275300,0,0
2017-09-27 00:00:00,75.3032285897501,76.0747193167004,75.0385036424911,75.6284637451172,2574600,0,0
2017-09-28 00:00:00,75.4696286762094,76.0898438820632,75.2351588333169,76.0444641113281,1544600,0,0
2017-09-29 00:00:00,75.6511523481069,76.1352282341946,75.2200272211445,75.6209030151367,2217100,0,0
2017-10-02 00:00:00,75.8705129550083,76.3772788291992,75.1897931838533,75.4015731811523,1509000,0,0
2017-10-03 00:00:00,75.3410598939775,75.636039988286,75.1292799053018,75.3713150024414,1385900,0,0
2017-10-04 00:00:00,75.5982258736419,77.2395324619248,75.333500866039,77.0655670166016,2051500,0,0
2017-10-05 00:00:00,77.1109546613696,77.3076100173173,76.6495742708228,76.8235397338867,2614600,0,0
2017-10-06 00:00:00,76.7403181639279,76.8537733672089,75.7041024374657,76.7856979370117,1565400,0,0
2017-10-09 00:00:00,76.664689331105,77.7311544766778,76.4529093459173,77.2395248413086,1595400,0,0
2017-10-10 00:00:00,77.2470812205055,77.6857716127156,76.5058513018057,76.8386459350586,2527600,0,0
2017-10-11 00:00:00,76.8537868067985,77.7160372696038,76.6949518026578,77.3076019287109,2466100,0,0
2017-10-12 00:00:00,77.3378458933322,78.2681716641567,76.8689003982847,77.9807510375977,2182200,0,0
2017-10-13 00:00:00,78.2984398556697,78.6614954506479,77.4815748654715,77.5269546508789,2084200,0,0
2017-10-16 00:00:00,76.5209910918127,77.3983720496192,76.4151010825013,77.0353164672852,2293900,0,0
2017-10-17 00:00:00,77.110950079998,77.3000402035591,76.2940851318492,76.6798248291016,2503400,0,0
2017-10-18 00:00:00,76.3848343586793,76.7554551055048,75.2881140987039,76.3621444702148,2990100,0,0
2017-10-19 00:00:00,77.2849175758469,79.0018534041192,76.808412529282,78.071533203125,3784200,0,0
2017-10-20 00:00:00,78.2984426326034,79.69771428507,78.0942278204544,79.4102935791016,3305300,0,0
2017-10-23 00:00:00,79.4102726945596,79.5161626834657,78.0942072820316,78.6236572265625,1900800,0,0
2017-10-24 00:00:00,78.7068634033203,79.1531190515043,78.2833034150009,78.7068634033203,1742900,0,0
2017-10-25 00:00:00,78.3060025996244,78.9337832072415,77.9051324530122,78.7522583007813,1735600,0,0
2017-10-26 00:00:00,79.417835347492,79.5539804389106,78.0261350979436,78.041259765625,2072600,0,0
2017-10-27 00:00:00,78.0942079004415,78.6614781757474,77.8370481455106,78.048828125,1650600,0,0
2017-10-30 00:00:00,78.1622864554301,83.6988505120097,78.0563964536392,80.2574081420898,5454800,0,0
2017-10-31 00:00:00,80.1363751081085,81.3389910403014,79.6371802881848,80.9910659790039,2476300,0,0
2017-11-01 00:00:00,81.4448912285872,81.4902710077458,79.2514448302908,79.5237350463867,2467200,0,0
2017-11-02 00:00:00,79.6144802022081,81.013745487244,79.4707699105236,80.4540405273438,1451200,0,0
2017-11-03 00:00:00,80.0531707408629,81.1347661920216,79.6220456041392,80.5599365234375,1613500,0,0
2017-11-06 00:00:00,83.8803795054938,86.8604359124732,82.7760938824259,84.5686645507813,6502000,0,0
2017-11-07 00:00:00,84.5686449366915,85.0602802953414,83.532434998759,84.5308303833008,2602800,0,0
2017-11-08 00:00:00,84.4325136403646,86.9587605046952,84.4325136403646,86.2477798461914,2104200,0,0
2017-11-09 00:00:00,85.99818598953,86.6486564769988,85.2947704982241,85.8469161987305,1459600,0,0
2017-11-10 00:00:00,85.3628338671333,86.0359941509322,84.6442938066289,85.6805038452148,1286000,0,0
2017-11-13 00:00:00,85.7561313887471,86.134311550443,84.5459560254347,85.3930816650391,2060100,0,0
2017-11-14 00:00:00,85.3174695758623,85.9074298624,84.7728890742666,85.5897598266602,1519000,0,0
2017-11-15 00:00:00,85.8393471017219,85.9149819937062,84.6821165197025,85.1283721923828,1551500,0,0
2017-11-16 00:00:00,85.1813010353466,85.7939510459466,83.7971602693667,84.046760559082,2923900,0,0
2017-11-17 00:00:00,83.5929553146098,84.2963707716715,83.0408154115559,83.2147750854492,2652800,0,0
2017-11-20 00:00:00,83.3660278243644,84.0316227681251,83.2147523117569,83.5626831054688,1321500,0,0
2017-11-21 00:00:00,83.7139671688885,84.9468325120559,83.6761468416238,84.7955627441406,2274300,0,0
2017-11-22 00:00:00,84.5005948045497,84.924154832058,83.8728142133695,84.5913543701172,1000700,0,0
2017-11-24 00:00:00,84.6442699655893,85.6804797123148,84.5988844310954,85.2569198608398,535500,0,0
2017-11-27 00:00:00,85.8317825301852,86.6259575044889,85.5670517681786,85.6880722045898,1095100,0,0
2017-11-28 00:00:00,86.2250549135634,86.2250549135634,85.1661495763004,85.8619995117188,2705700,0,0
2017-11-29 00:00:00,85.8771487185402,85.952783594042,84.099703176677,85.3628234863281,1368100,0,0
2017-11-30 00:00:00,85.5292220605152,85.733436797573,84.6820964673982,85.4687118530273,1731200,0,0
2017-12-01 00:00:00,85.8090919908138,85.8090919908138,84.7123716306107,85.1283721923828,1777100,0,0
2017-12-04 00:00:00,85.0527440163796,85.839359703758,82.8744276463437,82.919807434082,1875500,0,0
2017-12-05 00:00:00,82.7231492353251,83.532454732389,82.2768935435496,82.2995834350586,2082600,0,0
2017-12-06 00:00:00,82.5264846286955,82.8214647263491,81.6869241136594,82.5794296264648,2812700,0,0
2017-12-07 00:00:00,82.8063488518137,83.3282336650897,81.702057460076,82.9803085327148,1540200,0,0
2017-12-08 00:00:00,83.0861742192593,83.4567891345232,82.2239239760744,82.8214492797852,1667900,0,0
2017-12-11 00:00:00,82.8744134594101,84.0618991233911,82.3752185680245,83.887939453125,2869400,0,0
2017-12-12 00:00:00,84.0013902561369,84.5611011474519,83.6912854703937,83.8728103637695,1198400,0,0
2017-12-13 00:00:00,84.0997176244131,85.0602928265057,83.8879376283972,84.2358627319336,1838000,0,0
2017-12-14 00:00:00,84.4038417339587,84.9459681122901,84.1747716245816,84.4572906494141,2397000,1.05,0
2017-12-15 00:00:00,84.8161694811592,85.2819411259048,84.0755160190066,84.4878387451172,3284900,0,0
2017-12-18 00:00:00,84.4496761392712,84.7398324659222,83.2508880054931,83.7090225219727,1649900,0,0
2017-12-19 00:00:00,83.9380632383925,84.0449610605432,82.7316383021269,82.8843536376953,1242400,0,0
2017-12-20 00:00:00,82.7927166107538,82.8919772003703,81.952802733747,82.3803939819336,1924300,0,0
2017-12-21 00:00:00,82.8461911810039,83.1516160923924,82.4720487229381,82.6018524169922,1514200,0,0
2017-12-22 00:00:00,82.5254798809776,83.0141573038077,82.1284258339941,82.8843536376953,1003300,0,0
2017-12-26 00:00:00,82.884361739019,83.5562918047129,82.6323857798232,83.2050552368164,721400,0,0
2017-12-27 00:00:00,83.3195653441469,83.7471565465058,83.0904952997442,83.556266784668,1059100,0,0
2017-12-28 00:00:00,83.7166316793883,84.1518601979454,83.2355914721918,83.8540725708008,1779300,0,0
2017-12-29 00:00:00,83.9915216885861,85.0834117035576,83.6937340322753,84.7627182006836,1266800,0,0
2018-01-02 00:00:00,84.3962007437822,84.7245314456396,82.8232705944394,83.1745071411133,2036100,0,0
2018-01-03 00:00:00,83.037060713718,83.6097300979505,82.5254774619222,82.8232650756836,2078900,0,0
2018-01-04 00:00:00,82.6858439336097,83.0447177654972,81.777206429511,81.861198425293,2240400,0,0
2018-01-05 00:00:00,82.0291930645387,82.7774838989559,81.8993893543886,82.4873275756836,1769400,0,0
2018-01-08 00:00:00,82.4720287222139,83.0217922642881,82.2505958607955,82.7316360473633,1776500,0,0
2018-01-09 00:00:00,82.6934557528078,82.9759689013742,82.1818667105373,82.2200469970703,1031900,0,0
2018-01-10 00:00:00,80.8991055280057,81.3419713202516,78.9062152883945,80.1126403808594,4849400,0,0
2018-01-11 00:00:00,80.1355501140334,80.3188085493298,78.3411868365985,79.173469543457,4380700,0,0
2018-01-12 00:00:00,79.4483362316043,79.4636048522218,78.7000456604735,79.0818252563477,2430400,0,0
2018-01-16 00:00:00,79.3948786351772,81.5252034206563,79.3948786351772,80.4180450439453,2844800,0,0
2018-01-17 00:00:00,80.4791419843101,81.6931983332582,80.211897425626,80.9601821899414,2616500,0,0
2018-01-18 00:00:00,80.7158534940158,81.1816251364605,80.3340738412248,81.0212783813477,2062500,0,0
2018-01-19 00:00:00,81.128172213098,82.1971563532401,80.6853064396042,81.9680862426758,2867600,0,0
2018-01-22 00:00:00,82.0826240509224,82.746922733443,81.6168524158496,82.693473815918,2837800,0,0
2018-01-23 00:00:00,83.1668708046499,84.3274841086842,82.830908701267,84.2434921264648,2996400,0,0
2018-01-24 00:00:00,84.3580245985861,84.6863552939086,83.4951989577066,83.6784515380859,2405700,0,0
2018-01-25 00:00:00,83.5180985102374,84.1594912314876,81.823002074813,82.9301605224609,4370700,0,0
2018-01-26 00:00:00,84.2587614116269,84.6558154807902,83.0370677863066,84.4725570678711,3328800,0,0
2018-01-29 00:00:00,84.38856148931,84.8696075208575,83.1057817810075,83.8617095947266,3214500,0,0
2018-01-30 00:00:00,83.2432306761747,84.304583441636,82.9683546930675,84.0144271850586,2954600,0,0
2018-01-31 00:00:00,84.0602583107824,86.5800068636457,84.0449896847725,86.1065979003906,2814800,0,0
2018-02-01 00:00:00,86.213473508829,87.4046240165744,85.7706077673103,86.3356399536133,3168300,0,0
2018-02-02 00:00:00,86.0225907467896,86.427276230597,84.9459693724384,85.5949935913086,1809700,0,0
2018-02-05 00:00:00,85.1750225980417,86.2210948694293,83.9075116561783,84.3809204101563,2853200,0,0
2018-02-06 00:00:00,83.2737646360323,84.2129450169212,81.6473856343161,82.8843536376953,4553800,0,0
2018-02-07 00:00:00,82.6934490907038,83.9227796517056,82.3269381761936,83.0370483398438,2978700,0,0
2018-02-08 00:00:00,82.8461700600239,83.3577533065156,79.24980706339,79.2650756835938,4391400,0,0
2018-02-09 00:00:00,79.5246936753783,79.9828280408235,76.9362283938437,79.3032608032227,3670300,0,0
2018-02-12 00:00:00,79.7919265386066,80.6776578973774,79.2803433359513,80.257698059082,3325300,0,0
2018-02-13 00:00:00,80.2729853509041,81.5099534869475,79.959929074029,81.2121658325195,1879200,0,0
2018-02-14 00:00:00,80.990719441332,81.1357975451255,79.4177894441799,80.4485931396484,2917800,0,0
2018-02-15 00:00:00,80.6547659802838,82.4567663768622,79.8835752891131,82.1895217895508,2673900,0,0
2018-02-16 00:00:00,82.1055254671145,84.0602352888293,82.1055254671145,83.3195877075195,2769000,0,0
2018-02-20 00:00:00,83.0523448490667,83.7777296999001,82.8614550186624,82.8996353149414,2480900,0,0
2018-02-21 00:00:00,83.0447017810758,83.4264813882381,81.5023089058633,81.5404891967773,2443700,0,0
2018-02-22 00:00:00,81.9986199613093,83.6173675218076,81.62447759385,82.8156280517578,2293900,0,0
2018-02-23 00:00:00,83.0676177381415,84.3274917602539,82.8080045444085,84.3274917602539,1726100,0,0
2018-02-26 00:00:00,84.4267280399471,85.1826499051482,83.8769645650759,85.1673812866211,1670600,0,0
2018-02-27 00:00:00,85.0681196721173,85.3506328026479,82.9225147017052,84.2663803100586,3278000,0,0
2018-02-28 00:00:00,84.3809357911121,85.6178980689411,83.9380700204227,84.0373306274414,3384000,0,0
2018-03-01 00:00:00,82.540754647738,82.8461795161222,80.4944156027071,80.9907302856445,6252300,0,0
2018-03-02 00:00:00,80.3646033626835,80.7005712646523,79.1429098448341,79.8377456665039,3842100,0,0
2018-03-05 00:00:00,79.425430023164,82.4567611548965,79.425430023164,82.250602722168,2935900,0,0
2018-03-06 00:00:00,82.1666334025166,83.1745316498996,81.960469087429,82.2582626342773,2326700,0,0
2018-03-07 00:00:00,81.6473828153245,82.540745651951,81.6473828153245,82.1589660644531,2197700,0,0
2018-03-08 00:00:00,82.9072462391936,84.4572702382933,82.388025832183,84.1747512817383,4080700,0,0
2018-03-09 00:00:00,84.4878520019439,84.7474594116211,84.0755292111366,84.7474594116211,3951900,0,0
2018-03-12 00:00:00,84.5794476573631,85.5491710765428,84.5794476573631,85.0528564453125,3442900,0,0
2018-03-13 00:00:00,84.984143787613,85.6408051849498,84.8467028945543,85.2590255737305,3026600,0,0
2018-03-14 00:00:00,85.3735400679004,85.7782254538967,85.0833897106091,85.579704284668,2415500,0,0
2018-03-15 00:00:00,85.6259655828136,86.065315921588,84.377305480902,84.4852142333984,2914300,1.05,0
2018-03-16 00:00:00,84.2077295144675,84.7626921510172,83.2365449005055,84.0766983032227,5239600,0,0
2018-03-19 00:00:00,83.9996259665906,84.0612839112774,82.7817918800891,83.3907089233398,2542600,0,0
2018-03-20 00:00:00,83.5140241167232,84.8089349425508,83.4909016542132,83.9148330688477,3502900,0,0
2018-03-21 00:00:00,84.1846133897629,84.408140350791,82.6970073861241,82.9282379150391,1819700,0,0
2018-03-22 00:00:00,82.689292413991,84.9399690096998,82.5813836649218,83.9764938354492,3447000,0,0
2018-03-23 00:00:00,84.5700104974651,85.3176682855142,84.3773154337652,84.5237655639648,4929700,0,0
2018-03-26 00:00:00,85.1943399405578,85.9651201891913,84.8474911809075,85.8109664916992,2535500,0,0
2018-03-27 00:00:00,85.8880330295563,86.5200725223357,84.9708027620086,85.3022384643555,2259500,0,0
2018-03-28 00:00:00,85.4255605923723,86.5740213041927,85.3407743102327,85.4640960693359,2014100,0,0
2018-03-29 00:00:00,85.5334757267229,85.9188658086632,83.9996248471646,84.4852142333984,3418300,0,0
2018-04-02 00:00:00,84.4697891003148,85.1249568957089,83.2982059251759,83.8608779907227,2733800,0,0
2018-04-03 00:00:00,84.0535762181158,84.161484966754,82.0726715029925,82.7740783691406,3879800,0,0
2018-04-04 00:00:00,82.4272332067592,84.107534211465,82.4272332067592,83.945671081543,3047400,0,0
2018-04-05 00:00:00,84.015041580199,85.0401806548578,83.645064497709,84.6316680908203,2773900,0,0
2018-04-06 00:00:00,84.6702166024411,85.0324842921373,83.1517784378443,83.2519836425781,2273300,0,0
2018-04-09 00:00:00,83.3752947775083,84.816655902314,83.1825997229903,83.9071350097656,2418200,0,0
2018-04-10 00:00:00,84.3850107240554,84.6547825918532,78.3806328409637,79.8836517333984,5754800,0,0
2018-04-11 00:00:00,79.2901543105527,81.9724658772821,79.0589179186756,80.8240051269531,2665900,0,0
2018-04-12 00:00:00,81.0860651804684,81.1554384482393,79.4828470216904,80.05322265625,2088500,0,0
2018-04-13 00:00:00,80.4386020824578,80.9396102636323,79.4905400854301,79.9761352539063,1393200,0,0
2018-04-16 00:00:00,80.3923743618855,80.978163059094,79.9376110021045,80.4154968261719,1738900,0,0
2018-04-17 00:00:00,80.870262690496,82.5197319605936,80.4077957150588,81.8106155395508,3159900,0,0
2018-04-18 00:00:00,81.6949733458562,82.8742658452721,81.2787514259592,82.1574401855469,2084500,0,0
2018-04-19 00:00:00,81.009003233976,81.371270892974,78.2496085230336,79.1128845214844,4308800,0,0
2018-04-20 00:00:00,79.2901605633684,80.8163020522347,78.9664284130937,79.0974655151367,3004100,0,0
2018-04-23 00:00:00,79.6061701875574,80.9550354032312,79.3672302311397,80.8933715820313,3117400,0,0
2018-04-24 00:00:00,81.2402396680246,82.0187293684487,80.7700632442564,81.2016983032227,3866600,0,0
2018-04-25 00:00:00,80.9165081244984,81.2171119325755,80.6544397981368,81.0860748291016,2095900,0,0
2018-04-26 00:00:00,81.1014831558746,81.6179044121262,80.7392155675656,81.0089874267578,3342300,0,0
2018-04-27 00:00:00,79.328702346138,79.4828619253207,77.4634155424273,78.0877456665039,4451600,0,0
2018-04-30 00:00:00,77.0703134556657,79.9915712294174,76.1916244650011,77.7486038208008,6689300,0,0
2018-05-01 00:00:00,78.0414866479545,78.3960447952033,76.9007294902354,77.7408828735352,3706500,0,0
2018-05-02 00:00:00,77.4171581577742,78.6735276529682,77.4094487099083,77.7100524902344,3714000,0,0
2018-05-03 00:00:00,77.7485955922673,78.6966518805269,77.278419231864,78.2881393432617,2083700,0,0
2018-05-04 00:00:00,78.2418871121497,80.1611278536196,78.2418871121497,79.6292877197266,1861700,0,0
2018-05-07 00:00:00,79.5753315413627,80.1148811103138,78.5424890863235,79.0512008666992,1675600,0,0
2018-05-08 00:00:00,78.712069117859,79.2284903944401,78.2804282455739,79.1899490356445,2732500,0,0
2018-05-09 00:00:00,79.3903581625443,80.0378106879847,78.7660281015001,79.9992752075195,2456000,0,0
2018-05-10 00:00:00,80.1611381672321,81.6872855005661,80.0763518775699,80.8702545166016,2175800,0,0
2018-05-11 00:00:00,80.9319186443374,81.4406363842117,79.567640317505,79.8605346679688,1476100,0,0
2018-05-14 00:00:00,79.9144877661604,80.1534277355938,79.0357988482463,79.613883972168,1276900,0,0
2018-05-15 00:00:00,79.2284900382578,79.6447120129192,78.396046088935,79.6061706542969,2942700,0,0
2018-05-16 00:00:00,79.4520255596083,79.7295069060096,79.0126810745707,79.3826522827148,1699600,0,0
2018-05-17 00:00:00,79.4905404608638,79.5290818136688,78.2264617125797,78.5501937866211,1964600,0,0
2018-05-18 00:00:00,78.5578986760585,79.5444961664038,78.31895875028,78.7968444824219,1983000,0,0
2018-05-21 00:00:00,79.2747557798393,79.3132971485817,78.1108758347479,78.6966705322266,1610200,0,0
2018-05-22 00:00:00,78.627282129715,78.7043589660311,77.9335788416986,78.4037551879883,2585100,0,0
2018-05-23 00:00:00,78.3960500596738,78.8739358801015,78.0877368168362,78.7429046630859,1052800,0,0
2018-05-24 00:00:00,78.8431048145844,79.0435093066692,78.1879428418837,78.5039596557617,1553200,0,0
2018-05-25 00:00:00,78.6195733851009,79.5907579970103,78.5424965480954,79.1899490356445,1427400,0,0
2018-05-29 00:00:00,79.0049629779682,80.238210004434,78.9664216194032,79.7449111938477,2609900,0,0
2018-05-30 00:00:00,79.6755645692406,80.5002992844271,79.4057867501507,80.1765670776367,1348100,0,0
2018-05-31 00:00:00,79.8296947875179,80.3846574008686,79.3518090081136,80.2767486572266,3124200,0,0
2018-06-01 00:00:00,80.3923862983427,80.3923862983427,79.2439194365186,80.0069961547852,1335400,0,0
2018-06-04 00:00:00,80.4617438765328,80.9242108162139,79.8374138019926,80.4232025146484,2445100,0,0
2018-06-05 00:00:00,80.4463111025289,80.531097373382,79.236186731953,79.5059585571289,2849900,0,0
2018-06-06 00:00:00,79.4751374451075,79.6370005621962,78.5424942196427,79.3055648803711,2206500,0,0
2018-06-07 00:00:00,79.5290914506325,79.6215871802218,78.5193713951047,78.9895477294922,1739900,0,0
2018-06-08 00:00:00,79.1668218855117,79.544502480888,78.6658136537597,79.4211807250977,2840600,0,0
2018-06-11 00:00:00,79.3595387869486,80.3307236091219,79.2207980980667,79.6447296142578,1941200,0,0
2018-06-12 00:00:00,79.5213924589204,80.7083946820881,79.0126805807549,80.6852722167969,2966400,0,0
2018-06-13 00:00:00,80.492554069181,80.6158758088776,77.7948241216673,77.9027328491211,2606100,0,0
2018-06-14 00:00:00,77.8793778326633,79.3981811782149,77.8793778326633,78.7984466552734,3433000,1.05,0
2018-06-15 00:00:00,79.07105245921,79.6707869965902,78.4635334832909,78.7361373901367,3324200,0,0
2018-06-18 00:00:00,78.463550192645,78.7595253050957,78.206526992781,78.6349029541016,2242000,0,0
2018-06-19 00:00:00,78.2766168227363,79.9901324260074,78.2766168227363,79.3904037475586,2504100,0,0
2018-06-20 00:00:00,79.2112465220567,80.1381057116007,78.8919122271209,79.9044418334961,1825800,0,0
2018-06-21 00:00:00,79.8732922464622,80.6521639175449,79.8499211047815,80.1536865234375,1153800,0,0
2018-06-22 00:00:00,80.3562012252934,81.0493966436734,79.7175265945731,80.6911163330078,2537800,0,0
2018-06-25 00:00:00,80.6443854435197,81.3375808577428,80.2471591687706,81.2207489013672,2173200,0,0
2018-06-26 00:00:00,81.5089274831763,82.9498389907967,81.1662220214843,82.8407974243164,3673100,0,0
2018-06-27 00:00:00,82.8719493697147,83.7209166632431,82.5214535422783,82.8174285888672,1775600,0,0
2018-06-28 00:00:00,83.1056166864049,83.9701648390192,82.8719587174109,83.8066024780273,2087400,0,0
2018-06-29 00:00:00,83.2691808540419,84.3829617413377,82.7083922485963,83.9779510498047,2588400,0,0
2018-07-02 00:00:00,84.0012946343617,84.5542927162229,83.2691594255002,84.2583236694336,2178600,0,0
2018-07-03 00:00:00,84.3673846549305,85.5824226392126,83.8611168473731,84.9048080444336,2165200,0,0
2018-07-05 00:00:00,84.9359752608228,86.5404493257252,84.9359752608228,86.4547729492188,2311300,0,0
2018-07-06 00:00:00,86.7818862686313,87.2647888778966,86.3223548026902,86.6650543212891,1795800,0,0
2018-07-09 00:00:00,86.875346270148,87.0700641864943,84.889221146488,85.3721237182617,2164600,0,0
2018-07-10 00:00:00,85.3487572629711,86.306766069597,84.1181386236172,86.1432037353516,3474900,0,0
2018-07-11 00:00:00,86.11204688474,86.8130325513845,85.9251193544078,86.3457107543945,1771100,0,0
2018-07-12 00:00:00,86.6494837948216,86.8987225217521,85.8861868510419,86.2600479125977,2011200,0,0
2018-07-13 00:00:00,86.6105369318349,86.8364104542616,85.9407067459678,86.5014953613281,1105800,0,0
2018-07-16 00:00:00,86.5014803303591,86.5014803303591,85.5590463819877,86.1198348999023,1178100,0,0
2018-07-17 00:00:00,86.3223600409968,86.4236112322671,85.7226254479955,86.353515625,2896500,0,0
2018-07-18 00:00:00,86.0808980545887,86.2678315418952,85.5278998581923,86.0185928344727,2156200,0,0
2018-07-19 00:00:00,85.4033007556164,87.4283664059539,85.4033007556164,86.478141784668,2178700,0,0
2018-07-20 00:00:00,86.2834199374637,86.9298849792302,85.6447452778072,85.9329299926758,3099800,0,0
2018-07-23 00:00:00,85.8550338056902,86.1665777452611,84.2505539937651,84.7023010253906,2227200,0,0
2018-07-24 00:00:00,84.3128828076511,84.8503063178523,83.3003469651343,84.1103744506836,4123600,0,0
2018-07-25 00:00:00,84.4141177114663,85.2319354218805,83.9467958522239,84.8347091674805,2160800,0,0
2018-07-26 00:00:00,85.0839394187014,85.5746323730308,85.0216342013726,85.3253936767578,1792600,0,0
2018-07-27 00:00:00,85.6369361427151,85.9484859933696,84.889220066536,84.9437408447266,1594000,0,0
2018-07-30 00:00:00,84.889221146488,85.4811652760301,84.2427621803808,85.3721237182617,2422000,0,0
2018-07-31 00:00:00,85.3487448635899,86.7662908300962,85.3253796681378,86.3223342895508,2921900,0,0
2018-08-01 00:00:00,85.800502600223,86.9921752570618,85.3253904250715,86.8753433227539,1559100,0,0
2018-08-02 00:00:00,86.9843901604456,87.2180540432547,86.3690808152131,86.6494750976563,1256200,0,0
2018-08-03 00:00:00,86.7663279201228,87.6931814090634,86.4158320115593,87.6152954101563,1305700,0,0
2018-08-06 00:00:00,87.747703036629,88.2305997671341,86.3379409864989,86.4547729492188,3334100,0,0
2018-08-07 00:00:00,86.4781223759055,86.7585166583486,85.2241384856235,86.6494750976563,3557400,0,0
2018-08-08 00:00:00,86.7741125808535,86.9688305364422,85.5279129112296,85.6447448730469,2289300,0,0
2018-08-09 00:00:00,85.6369333631915,86.8441867669238,85.6135681650566,86.7818756103516,1743600,0,0
2018-08-10 00:00:00,86.6806283639023,87.4906556090757,85.9017566984263,85.9406967163086,948100,0,0
2018-08-13 00:00:00,85.7459911839029,86.4080369490296,85.473387250079,86.1587982177734,1397500,0,0
2018-08-14 00:00:00,86.298985215762,86.7351514585316,85.9874353527897,86.6494750976563,1345300,0,0
2018-08-15 00:00:00,86.6884038892942,87.5062154325105,86.3379081345002,87.4283294677734,1854000,0,0
2018-08-16 00:00:00,87.2881696920536,88.0203111468573,87.2570141043683,87.7710723876953,1694700,0,0
2018-08-17 00:00:00,87.9034631765182,88.7057001008327,87.5763384788536,88.6823348999023,1850900,0,0
2018-08-20 00:00:00,88.752426960197,89.1963835871129,88.0047108486712,88.9938812255859,1818700,0,0
2018-08-21 00:00:00,89.0172528789374,89.0172528789374,87.6775925202979,87.8956756591797,3458600,0,0
2018-08-22 00:00:00,87.8255840682772,87.9424160243953,86.5248636722328,86.9688262939453,2589900,0,0
2018-08-23 00:00:00,87.0077682237581,87.3426833360624,86.7117990784531,86.9065170288086,1116600,0,0
2018-08-24 00:00:00,86.9999483845362,87.9034422205849,86.8363860746967,87.5685272216797,1479400,0,0
2018-08-27 00:00:00,87.8723090973224,87.8723090973224,86.7741030385751,86.9454498291016,1531200,0,0
2018-08-28 00:00:00,86.9064910293345,88.4875993624357,86.8519702572386,88.4564437866211,1429200,0,0
2018-08-29 00:00:00,88.4564631165791,89.180814071182,88.3006911457845,88.7680130004883,2493400,0,0
2018-08-30 00:00:00,88.9705170615455,89.1340794057538,88.3240521232559,88.6044464111328,1385200,0,0
2018-08-31 00:00:00,88.627807875998,89.4222543632861,88.5421315170733,88.8147354125977,2181000,0,0
2018-09-04 00:00:00,88.5577167321811,89.0094637791231,88.2150171985698,88.510986328125,1197600,0,0
2018-09-05 00:00:00,88.2851191010966,88.729075798252,87.7321208251535,88.7135009765625,1247800,0,0
2018-09-06 00:00:00,88.8303253693055,89.141869315116,88.2773211981562,89.0484085083008,1132000,0,0
2018-09-07 00:00:00,88.7134793763401,88.7991557305726,87.9891285265778,88.0280685424805,1236600,0,0
2018-09-10 00:00:00,88.3084886068974,88.612248154364,87.6776043071314,87.7243347167969,1915100,0,0
2018-09-11 00:00:00,87.6230495909961,87.7243007535111,87.1790930440945,87.3192901611328,1996400,0,0
2018-09-12 00:00:00,87.4361238374991,87.6619973051681,86.8441797823087,87.4049682617188,1515800,0,0
2018-09-13 00:00:00,87.6329827667861,88.8516387136627,87.318490329033,88.4506607055664,1779500,1.05,0
2018-09-14 00:00:00,88.324865556612,88.4034931686451,87.3892581575529,87.7037506103516,1541700,0,0
2018-09-17 00:00:00,87.7430755003018,88.8831101138405,87.5543823912645,88.6079254150391,1738300,0,0
2018-09-18 00:00:00,88.4585285690827,88.9145363255783,88.1283081957274,88.1912078857422,1282400,0,0
2018-09-19 00:00:00,88.3563243928382,88.4899877478293,87.6644457250316,87.9160385131836,2120200,0,0
2018-09-20 00:00:00,87.837404446045,88.6550823912946,87.4993261225133,88.3720397949219,2274500,0,0
2018-09-21 00:00:00,88.065422556678,88.7337153284696,87.7981018488942,87.8295516967773,2906200,0,0
2018-09-24 00:00:00,87.6487323219789,87.9396329499864,86.508697703537,86.6659469604492,1918300,0,0
2018-09-25 00:00:00,86.689513309296,87.2870423555402,86.14701399251,86.2413635253906,1513800,0,0
2018-09-26 00:00:00,86.2413732956279,86.7602807891471,85.1563745391368,85.329345703125,2141900,0,0
2018-09-27 00:00:00,85.5887916733183,86.1941846726115,85.4158205311075,85.6359634399414,2020900,0,0
2018-09-28 00:00:00,85.8797141162196,87.5779640116769,85.8797141162196,87.5307922363281,2375100,0,0
2018-10-01 00:00:00,87.5307854623305,88.0261070604965,86.7760071229344,86.8074569702148,2121400,0,0
2018-10-02 00:00:00,86.8388932087125,87.0590421203825,85.7145867603585,85.7617645263672,1830800,0,0
2018-10-03 00:00:00,85.9190166680482,86.6030373609454,84.7475383305427,85.5730743408203,1757500,0,0
2018-10-04 00:00:00,85.2585875190625,85.6045238464625,84.2758022737706,85.1642379760742,1280000,0,0
2018-10-05 00:00:00,85.2350026810466,86.0290888501267,85.0148537447002,85.4944534301758,1232100,0,0
2018-10-08 00:00:00,85.6831358968967,87.3263496492122,85.6595440166023,86.6973648071289,2149300,0,0
2018-10-09 00:00:00,86.7288350982347,88.1125984780189,86.6344915485884,87.3263702392578,2330300,0,0
2018-10-10 00:00:00,87.3263700919005,87.6644484739351,85.4630070097406,85.4708709716797,3186700,0,0
2018-10-11 00:00:00,85.6831491022421,85.6831491022421,82.2394658586895,82.7741012573242,2324800,0,0
2018-10-12 00:00:00,83.5524771625973,84.0556687832962,81.8149133734974,82.5146560668945,3033400,0,0
2018-10-15 00:00:00,82.4046001816572,83.8355356904467,82.3495644312594,82.954963684082,1871100,0,0
2018-10-16 00:00:00,83.0021056470642,84.2364836039872,82.6325774564057,84.0477905273438,2210500,0,0
2018-10-17 00:00:00,84.228618399031,84.5195249699957,83.0650041120615,83.9613037109375,2465100,0,0
2018-10-18 00:00:00,83.340180754105,85.4236864726466,82.5696745568741,83.8276443481445,3933100,0,0
2018-10-19 00:00:00,83.866936773694,84.8261358643182,83.3873372283819,84.0713577270508,2567800,0,0
2018-10-22 00:00:00,84.3308414870887,84.7789913374948,83.1672210693359,83.1672210693359,2462500,0,0
2018-10-23 00:00:00,82.9785245182629,83.6075034759398,82.184432360809,83.4659881591797,3149500,0,0
2018-10-24 00:00:00,83.6704180127427,85.2586026093635,83.505310782124,83.9534606933594,4904400,0,0
2018-10-25 00:00:00,84.2050237960843,85.1485010645711,83.3637600141222,84.4015808105469,3272000,0,0
2018-10-26 00:00:00,83.8197714683552,84.0399143588694,81.2094946265768,81.4060516357422,3148700,0,0
2018-10-29 00:00:00,81.9249669067883,83.9377149533293,81.87779513955,83.3794937133789,4762700,0,0
2018-10-30 00:00:00,83.9455767547702,86.579445850334,83.3244617962439,86.1077041625977,3117100,0,0
2018-10-31 00:00:00,86.2335098632257,86.5086885356023,84.8576105028979,85.4944534301758,3168200,0,0
2018-11-01 00:00:00,85.8875702725979,86.6816624654516,85.4315624574485,85.9504699707031,2540500,0,0
2018-11-02 00:00:00,85.8954288663252,86.1941934159853,84.8182940977604,85.9661865234375,2817400,0,0
2018-11-05 00:00:00,86.3357299932043,87.821701039738,86.2885582134559,87.2949295043945,2731300,0,0
2018-11-06 00:00:00,87.4207023330509,87.931745787455,86.9017889198203,87.4364242553711,1365400,0,0
2018-11-07 00:00:00,87.5465129394093,88.4113627999178,87.3106480675135,87.8452835083008,1844600,0,0
2018-11-08 00:00:00,87.73520505956,87.9710759272744,86.8624972452855,87.6408615112305,2177200,0,0
2018-11-09 00:00:00,87.6408641692593,87.9946644831159,86.909671655303,87.1691284179688,1495800,0,0
2018-11-12 00:00:00,87.1062425669544,87.9710925815611,86.2178066608001,86.2728424072266,2334100,0,0
2018-11-13 00:00:00,86.5244156380733,87.3263657611697,86.1155736157534,87.0197372436523,2137300,0,0
2018-11-14 00:00:00,87.4757561782444,87.4757561782444,85.8954357269526,86.7209777832031,1837000,0,0
2018-11-15 00:00:00,86.5401385806912,87.2634670921407,85.5494893594349,86.948974609375,2648700,0,0
2018-11-16 00:00:00,86.8153022938977,88.3405866734889,86.5322597080262,88.1518936157227,2328900,0,0
2018-11-19 00:00:00,88.1912224289145,89.4570504065913,87.6959007848675,88.2698440551758,2006900,0,0
2018-11-20 00:00:00,88.5843488269076,88.788769882254,86.1942138671875,86.1942138671875,2550300,0,0
2018-11-21 00:00:00,86.0369400491938,86.6266111161494,85.4079551783969,86.0683898925781,2112900,0,0
2018-11-23 00:00:00,85.8875661965005,86.0369514727995,84.8497452207993,84.8811950683594,684700,0,0
2018-11-26 00:00:00,85.1799626177789,85.3765196731071,84.834026279344,85.2192764282227,1539900,0,0
2018-11-27 00:00:00,85.329324327085,86.8860584145522,85.1406312856611,86.8624725341797,2016200,0,0
2018-11-28 00:00:00,87.0354451943657,88.3484506337754,86.6344731964179,88.1518936157227,1865100,0,0
2018-11-29 00:00:00,88.1833441813654,89.1346794367264,87.6644307701989,88.8437728881836,2647000,0,0
2018-11-30 00:00:00,89.0796521218612,90.3769237753745,88.6157743924646,90.3376159667969,3752300,0,0
2018-12-03 00:00:00,90.1646484107686,90.6835558931882,87.5386431561519,89.3941421508789,3640600,0,0
2018-12-04 00:00:00,89.362694040036,90.7385932968666,89.362694040036,90.4162368774414,2907900,0,0
2018-12-06 00:00:00,89.9602098102329,92.460415187162,89.0246025328792,92.3582077026367,3247300,0,0
2018-12-07 00:00:00,92.0830495251539,92.4447137796252,90.6678363568356,91.0137786865234,2308200,0,0
2018-12-10 00:00:00,90.9901663821581,91.7213586404216,89.8737180964351,91.2810668945313,2188900,0,0
2018-12-11 00:00:00,91.7842661751174,92.1223444960686,91.2024590641004,91.3125305175781,1732600,0,0
2018-12-12 00:00:00,91.7842679786951,92.3975249453912,90.7700329959115,90.7936248779297,2173400,0,0
2018-12-13 00:00:00,91.1152013435112,91.9726768341205,90.5276643249522,91.3454513549805,2153400,1.125,0
2018-12-14 00:00:00,90.9087476151066,91.4486426030666,90.265639635866,90.9484481811523,2231100,0,0
2018-12-17 00:00:00,90.9484503011014,91.1231170463886,88.0187253363492,88.0584259033203,2837500,0,0
2018-12-18 00:00:00,88.5030533490337,89.4875657370133,87.2962262409043,87.8281860351563,2091500,0,0
2018-12-19 00:00:00,88.336313666494,89.5193166876084,87.4391317156024,87.542350769043,2324300,0,0
2018-12-20 00:00:00,87.383550445037,88.3760040201712,86.7245658748143,87.3359146118164,3422400,0,0
2018-12-21 00:00:00,86.0258844700026,88.2728010735718,84.2474091570775,84.3188629150391,4839300,0,0
2018-12-24 00:00:00,84.3585471215177,84.6046736500277,82.4689178466797,82.4689178466797,1501100,0,0
2018-12-26 00:00:00,82.5880023695674,85.4621496975897,81.9448944821673,85.4542083740234,2234500,0,0
2018-12-27 00:00:00,85.0651943029455,85.6527252197266,82.9056139999638,85.6527252197266,1690600,0,0
2018-12-28 00:00:00,86.5101952642862,86.7325039030001,85.2954330188453,85.8432693481445,1575600,0,0
2018-12-31 00:00:00,86.1449788321695,86.2720158099159,84.6999665263153,86.2481918334961,1375800,0,0
2019-01-02 00:00:00,85.4462916376888,85.4462916376888,83.4931435812326,84.1203689575195,2127700,0,0
2019-01-03 00:00:00,84.0171498163803,86.2640661696789,84.0171498163803,84.5411682128906,2288000,0,0
2019-01-04 00:00:00,85.1922323925746,86.4387540612946,84.8508280599975,85.803581237793,1591300,0,0
2019-01-07 00:00:00,86.0814592942747,87.097730874035,85.8909098874338,86.2243728637695,1431300,0,0
2019-01-08 00:00:00,86.915138585265,87.0183516040878,85.2239933627149,85.3827896118164,3250600,0,0
2019-01-09 00:00:00,85.2398629865441,85.3827765601609,82.9135512955619,83.898063659668,3213600,0,0
2019-01-10 00:00:00,83.8583670354013,85.0493114330729,83.4534442441051,84.8349380493164,2277000,0,0
2019-01-11 00:00:00,84.644380938738,85.5256801974091,84.1044859519616,85.255729675293,1482700,0,0
2019-01-14 00:00:00,84.7952630217981,85.0969668245173,82.7468367333178,84.4935531616211,1989200,0,0
2019-01-15 00:00:00,84.7237929127617,85.6289102685663,84.4776663156003,85.2716293334961,1271800,0,0
2019-01-16 00:00:00,85.0731508469966,85.636863944098,84.5729501968183,85.216064453125,1483500,0,0
2019-01-17 00:00:00,85.1207689678351,85.7559417644377,84.7634880556567,85.4462966918945,1488500,0,0
2019-01-18 00:00:00,85.930613707392,86.0258853856881,84.8746415182609,85.4383544921875,1907600,0,0
2019-01-22 00:00:00,85.44629608097,86.7086942819343,85.3589596706252,86.6928176879883,2322300,0,0
2019-01-23 00:00:00,87.1056756493592,87.5741169458231,86.5181447548134,87.55029296875,2558000,0,0
2019-01-24 00:00:00,87.9631534447208,89.6225330552413,87.0024590295579,88.8523941040039,2990300,0,0
2019-01-25 00:00:00,89.5113787747821,91.1231225488555,89.1620392056567,90.2735824584961,2449500,0,0
2019-01-28 00:00:00,90.2656538504207,90.9802156921219,89.5193267049159,90.8134841918945,2026900,0,0
2019-01-29 00:00:00,90.5514883047241,91.3930871996095,90.5435469781335,91.3454513549805,1788000,0,0
2019-01-30 00:00:00,91.2580946888821,92.3140607077852,91.2025175299924,91.6788940429688,2357800,0,0
2019-01-31 00:00:00,91.6788862250781,93.0524384879881,90.7261272229157,92.9412841796875,3463200,0,0
2019-02-01 00:00:00,93.068334133064,93.1080286444543,91.1945811636804,92.8777847290039,1982000,0,0
2019-02-04 00:00:00,92.7507451023378,93.4017944335938,92.067936528404,93.4017944335938,1915100,0,0
2019-02-05 00:00:00,93.4097285934275,94.672126591393,93.2112378850086,94.65625,2352900,0,0
2019-02-06 00:00:00,94.8071155510121,94.8229921441927,93.0286342419734,93.1794891357422,2007700,0,0
2019-02-07 00:00:00,92.6713547571475,94.0290306493189,92.6713547571475,93.9099349975586,1521400,0,0
2019-02-08 00:00:00,93.7432082206382,94.1878255482742,93.2509489954291,93.9813995361328,2113500,0,0
2019-02-11 00:00:00,94.0290154629529,94.4498147814147,93.632034059505,94.0369567871094,1233400,0,0
2019-02-12 00:00:00,94.0052114810023,94.1243071311797,92.7269306878424,93.1953659057617,2072700,0,0
2019-02-13 00:00:00,93.3144477252557,94.0845926171374,92.9174663218078,94.0369567871094,1538900,0,0
2019-02-14 00:00:00,94.0528463408478,94.5768647732007,93.552651884248,94.2830963134766,1168100,0,0
2019-02-15 00:00:00,95.029421733493,95.4343384523777,94.4260082315377,95.3787612915039,1861000,0,0
2019-02-19 00:00:00,95.4581641780687,95.7201673370171,94.9659049888348,95.394645690918,1602600,0,0
2019-02-20 00:00:00,95.5851932782874,95.5851932782874,94.5133445721784,94.9420852661133,2355300,0,0
2019-02-21 00:00:00,94.5689195574052,95.2279102046329,93.9734473946598,94.7674102783203,1782700,0,0
2019-02-22 00:00:00,95.0214778778365,95.458159885541,94.2354563214243,95.1723327636719,1290000,0,0
2019-02-25 00:00:00,95.323183073369,95.3787602336263,93.6399856156005,93.8225936889648,2104000,0,0
2019-02-26 00:00:00,93.9972664947611,94.3386707813293,93.4891307274208,93.8225936889648,1251900,0,0
2019-02-27 00:00:00,93.77495705824,94.2513335788984,92.9174756865813,93.9416885375977,1097000,0,0
2019-02-28 00:00:00,93.9893278537524,95.2755499588816,93.5685284772937,94.2830963134766,2215100,0,0
2019-03-01 00:00:00,94.3624900484274,94.7753541512059,93.2112462591518,94.6641998291016,1462100,0,0
2019-03-04 00:00:00,94.9976823601332,95.1008953783563,93.5685464138108,94.8865280151367,1647700,0,0
2019-03-05 00:00:00,94.8865081052767,95.5137395246931,94.7435945406318,94.9420852661133,1272700,0,0
2019-03-06 00:00:00,95.1643880199057,96.2441779842954,94.9579559820928,95.8154373168945,1884200,0,0
2019-03-07 00:00:00,95.7519133185628,96.6252711948251,95.4978454626055,95.8630676269531,1615000,0,0
2019-03-08 00:00:00,95.8472084612888,96.537952352228,95.4264090662439,96.0377578735352,1133800,0,0
2019-03-11 00:00:00,96.2124061799359,98.1496772261597,96.1488877062176,98.0861587524414,1564800,0,0
2019-03-12 00:00:00,98.2290852884492,98.7689802715904,97.8082859449263,98.3322982788086,1766200,0,0
2019-03-13 00:00:00,98.6340134368798,99.7693806227777,98.4593406302099,99.253303527832,2509400,0,0
2019-03-14 00:00:00,99.4495914273659,99.6418773273386,98.7045003742481,99.3534545898438,1660400,1.125,0
2019-03-15 00:00:00,99.7460108145433,100.258760903227,99.3854855095965,100.170631408691,3155000,0,0
2019-03-18 00:00:00,100.266779512759,100.619291396617,99.3774771947395,99.8742065429688,1865200,0,0
2019-03-19 00:00:00,99.9062666794111,100.338900815691,99.2973796246155,99.802116394043,2166900,0,0
2019-03-20 00:00:00,99.8181314582606,101.027904282459,99.0890672774279,100.755508422852,2154500,0,0
2019-03-21 00:00:00,100.386960598783,101.853102269523,100.282804216256,101.268249511719,2587900,0,0
2019-03-22 00:00:00,101.236219956829,102.293768063846,100.539197251934,100.547210693359,1917600,0,0
2019-03-25 00:00:00,100.6113031277,100.923760097277,100.194689759955,100.370948791504,2186500,0,0
2019-03-26 00:00:00,100.683396797428,101.660828712659,99.9302984284911,100.579246520996,1496400,0,0
2019-03-27 00:00:00,100.523178779655,101.26826992521,99.7700741924913,101.252243041992,1673100,0,0
2019-03-28 00:00:00,101.492572416572,101.949240676479,100.91572701196,101.933219909668,2477500,0,0
2019-03-29 00:00:00,101.933255049113,102.710387812849,101.36441677558,102.550155639648,2609500,0,0
2019-04-01 00:00:00,102.846557165643,102.846557165643,100.963802148107,101.484565734863,1810600,0,0
2019-04-02 00:00:00,101.484566180428,103.014809299195,101.252225314164,102.846557617188,1203100,0,0
2019-04-03 00:00:00,102.838549230593,103.142998830648,101.781001295449,102.85457611084,1466500,0,0
2019-04-04 00:00:00,103.094923808432,103.151011779889,102.00533427834,102.718383789063,966000,0,0
2019-04-05 00:00:00,102.726383355666,103.511529322252,102.173572135595,103.431419372559,962800,0,0
2019-04-08 00:00:00,103.31926256052,103.639726830541,102.558138525595,102.958724975586,1625700,0,0
2019-04-09 00:00:00,102.990773219498,104.056334586373,102.774453125113,104.016273498535,1608000,0,0
2019-04-10 00:00:00,104.280665318895,104.432890122556,103.896093533351,104.352767944336,1534100,0,0
2019-04-11 00:00:00,104.456921807172,104.633180815055,102.830541873007,103.134979248047,1873500,0,0
2019-04-12 00:00:00,102.806511296102,103.319261457619,101.676854585205,103.247146606445,1799600,0,0
2019-04-15 00:00:00,103.231131849143,103.431425071804,101.748957111485,102.069427490234,2395900,0,0
2019-04-16 00:00:00,102.021350742607,102.165562104286,99.0970746453032,99.8341522216797,3001700,0,0
2019-04-17 00:00:00,101.925207984233,101.925207984233,98.4881758244143,99.4816284179688,3250000,0,0
2019-04-18 00:00:00,97.542807345224,99.2973780739933,95.9885298553566,98.2398300170898,2748500,0,0
2019-04-22 00:00:00,98.2318055092357,98.3039081331343,96.709575842583,98.2077713012695,2050400,0,0
2019-04-23 00:00:00,98.6163919184283,99.2172717310801,97.8552799340556,98.8887939453125,1879800,0,0
2019-04-24 00:00:00,99.0970796934567,99.6338640788713,98.2077772698764,98.6404113769531,2045700,0,0
2019-04-25 00:00:00,98.5763246367999,98.6644541539941,97.7831650945167,98.2718811035156,1405100,0,0
2019-04-26 00:00:00,98.9448546929819,99.9062597429888,98.5763158867305,99.3534545898438,1644500,0,0
2019-04-29 00:00:00,99.3454337425039,99.6018088108892,98.7766017505384,99.0249633789063,1330200,0,0
2019-04-30 00:00:00,99.0890682209609,100.891707313353,98.3359637108174,100.771530151367,2061500,0,0
2019-05-01 00:00:00,100.651339682223,101.508594359435,99.6418663249211,99.7059555053711,1481400,0,0
2019-05-02 00:00:00,99.7700627784753,100.378955909341,99.1611696476091,99.3694763183594,1223300,0,0
2019-05-03 00:00:00,99.689925100557,100.322852303845,99.4976453528692,99.9783477783203,772300,0,0
2019-05-06 00:00:00,99.5697910924124,100.234766227077,98.8807817429344,99.9623641967773,1172800,0,0
2019-05-07 00:00:00,99.8501602437624,100.010398465432,98.0395141823753,98.7285232543945,1171900,0,0
2019-05-08 00:00:00,98.8327116770965,100.058505511989,98.5683230935996,99.1131210327148,1273300,0,0
2019-05-09 00:00:00,99.0650328091584,99.9943902181459,98.3279551895366,99.3694763183594,1191500,0,0
2019-05-10 00:00:00,99.3534490280258,101.059945035621,99.1050812825807,100.69140625,1352000,0,0
2019-05-13 00:00:00,99.9863965830016,101.348388288934,99.8982670607097,101.18815612793,1710000,0,0
2019-05-14 00:00:00,101.340364863212,102.590198823281,101.292296442139,101.660835266113,1717100,0,0
2019-05-15 00:00:00,101.604747251259,102.5421180802,101.188140031441,101.94123840332,1083700,0,0
2019-05-16 00:00:00,101.845098652833,102.606216555914,101.813051004155,102.17357635498,1396200,0,0
2019-05-17 00:00:00,101.789024753515,102.429959439809,101.66884758969,101.949256896973,1817400,0,0
2019-05-20 00:00:00,100.995850279028,101.019884487191,98.2237928756586,98.9368362426758,3521200,0,0
2019-05-21 00:00:00,99.385510674299,100.386976899907,98.4962081769621,100.186683654785,1541700,0,0
2019-05-22 00:00:00,100.354911768319,101.556671029737,100.354911768319,101.452514648438,1224800,0,0
2019-05-23 00:00:00,101.308314240187,102.357854931717,100.963809636854,102.301773071289,1472300,0,0
2019-05-24 00:00:00,103.872061114586,103.880080667503,102.325803292703,102.413932800293,2023600,0,0
2019-05-28 00:00:00,102.582174468215,103.375340053575,101.043930053711,101.043930053711,1492100,0,0
2019-05-29 00:00:00,101.092005982562,101.805049439569,100.298846450743,100.555221557617,1423900,0,0
2019-05-30 00:00:00,100.859659356764,102.421944120446,100.346909172146,102.301773071289,2377300,0,0
2019-05-31 00:00:00,102.301777036429,105.674708346069,102.117504566472,104.160491943359,3175500,0,0
2019-06-03 00:00:00,104.24059597009,105.80288052217,103.623689476474,105.618614196777,2616300,0,0
2019-06-04 00:00:00,105.354239307247,105.72278423056,104.216575224305,105.64266204834,2141200,0,0
2019-06-05 00:00:00,106.139397147141,107.877941115212,105.105889341211,107.813858032227,1943300,0,0
2019-06-06 00:00:00,107.998093949585,108.438741426674,107.156860079676,108.198387145996,1266600,0,0
2019-06-07 00:00:00,108.775249903427,109.271973197886,108.206411755797,108.334602355957,1348200,0,0
2019-06-10 00:00:00,108.56694636675,108.719171189287,107.493377505082,107.92601776123,1467200,0,0
2019-06-11 00:00:00,107.966065460255,109.175844473661,107.148877829594,108.879402160645,2524400,0,0
2019-06-12 00:00:00,109.031626460529,110.009058461092,108.110282435785,108.230453491211,1756600,0,0
2019-06-13 00:00:00,107.580077384212,108.177916108215,106.650984033999,107.087257385254,1925300,1.125,0
2019-06-14 00:00:00,107.321556633641,108.008277355504,107.054947847303,107.701271057129,1417600,0,0
2019-06-17 00:00:00,107.992111449974,109.88259659081,107.790136225673,109.86644744873,1541300,0,0
2019-06-18 00:00:00,110.448141936582,110.884403016112,109.454414913469,109.906837463379,1889200,0,0
2019-06-19 00:00:00,109.26859930242,110.642028399299,108.888884884256,110.375419616699,1599500,0,0
2019-06-20 00:00:00,110.68243904146,111.369159835163,110.221929545723,110.617805480957,1659400,0,0
2019-06-21 00:00:00,110.480457528804,110.617799214246,109.228208561132,109.696792602539,2477800,0,0
2019-06-24 00:00:00,110.019942143033,110.181532190243,109.0423889264,109.187805175781,1444300,0,0
2019-06-25 00:00:00,109.454424936287,109.745269791803,107.604337055079,107.652809143066,1936800,0,0
2019-06-26 00:00:00,107.515454369761,107.822460659783,104.938248499537,105.39875793457,2049100,0,0
2019-06-27 00:00:00,105.826949407234,106.618688882983,105.293731823986,105.406837463379,2153300,0,0
2019-06-28 00:00:00,105.261413962165,105.907737215995,104.954419970479,105.309898376465,3630700,0,0
2019-07-01 00:00:00,105.705781907454,105.770415477787,102.474177356366,105.124092102051,2247100,0,0
2019-07-02 00:00:00,105.519950978476,107.822473778614,105.2129446511,107.652809143066,1915400,0,0
2019-07-03 00:00:00,107.927501487037,108.905067210446,107.806321257008,108.678855895996,946800,0,0
2019-07-05 00:00:00,107.99210417283,108.937346679552,106.408625424464,108.444526672363,849200,0,0
2019-07-08 00:00:00,108.468799116645,109.454439461832,108.072935460485,109.139358520508,1105800,0,0
2019-07-09 00:00:00,108.670769823788,109.51099385037,108.549589592835,109.325180053711,1393100,0,0
2019-07-10 00:00:00,109.454410109221,110.100733292548,109.02622361988,109.939155578613,1058500,0,0
2019-07-11 00:00:00,109.890681498568,110.383501530038,108.250643693163,108.428382873535,1404500,0,0
2019-07-12 00:00:00,108.88081113929,108.945444692616,106.432872322178,107.063034057617,2130300,0,0
2019-07-15 00:00:00,107.289243478539,108.379902312163,106.861056981788,107.60432434082,1660500,0,0
2019-07-16 00:00:00,107.717429421428,108.307193631877,107.176137292989,107.224609375,1202000,0,0
2019-07-17 00:00:00,107.475080995298,107.612422701259,105.778483775595,106.3359375,1640700,0,0
2019-07-18 00:00:00,101.238075663754,103.896076944533,100.074702376912,102.498405456543,5462200,0,0
2019-07-19 00:00:00,103.031589696909,103.685987383033,101.157260057278,101.375396728516,4059100,0,0
2019-07-22 00:00:00,101.375411605257,102.619573615733,100.688690882388,102.134834289551,1912000,0,0
2019-07-23 00:00:00,102.231783447802,103.201262089048,101.520832855143,103.1689453125,1951000,0,0
2019-07-24 00:00:00,103.298214302018,104.445432153292,102.732686111613,104.388885498047,2105800,0,0
2019-07-25 00:00:00,104.380808891443,104.703976694675,102.82155968267,104.598945617676,1746500,0,0
2019-07-26 00:00:00,105.019053656933,105.746159613635,104.501997518756,105.495712280273,2143500,0,0
2019-07-29 00:00:00,106.028914114485,107.030703298882,104.833211956684,105.156379699707,2386800,0,0
2019-07-30 00:00:00,105.301798515874,107.329637629261,105.075587254015,107.192283630371,1785600,0,0
2019-07-31 00:00:00,107.523546973723,108.436479098157,106.133956192012,107.660888671875,3278100,0,0
2019-08-01 00:00:00,108.767681169785,109.478625442139,107.878985419858,108.129432678223,2102200,0,0
2019-08-02 00:00:00,108.153695627286,109.826056501684,107.4750617917,109.25244140625,1449900,0,0
2019-08-05 00:00:00,108.937350757357,109.220120993945,106.731784825779,107.555847167969,1835500,0,0
2019-08-06 00:00:00,107.620501618007,110.335049571597,107.46699844991,110.116912841797,1834900,0,0
2019-08-07 00:00:00,109.591759114114,112.532518083777,107.92748512683,111.692306518555,2498300,0,0
2019-08-08 00:00:00,111.603437302052,114.035214735869,110.730902792346,113.865562438965,1713800,0,0
2019-08-09 00:00:00,113.889788724403,114.616894589738,112.54867029692,114.107925415039,1632500,0,0
2019-08-12 00:00:00,114.374529252622,114.835026326779,113.493907957148,114.317970275879,904900,0,0
2019-08-13 00:00:00,113.978656371072,114.915824340145,112.516357766834,114.681526184082,1762800,0,0
2019-08-14 00:00:00,114.382637119335,114.5684509172,112.185145181433,112.249778747559,1693400,0,0
2019-08-15 00:00:00,112.330542304335,115.376332327812,112.047784369295,115.053176879883,1222500,0,0
2019-08-16 00:00:00,115.804496295896,116.006471493423,114.503775530713,115.465179443359,1637000,0,0
2019-08-19 00:00:00,116.054951036414,117.202181080472,115.142031467603,117.032516479492,1090800,0,0
2019-08-20 00:00:00,117.549589878452,117.654620948259,116.208471323967,116.74976348877,1434500,0,0
2019-08-21 00:00:00,117.41224898587,117.727329869822,116.774000318639,117.282981872559,1201300,0,0
2019-08-22 00:00:00,117.339541901649,118.212076432879,116.418535284392,118.042411804199,893300,0,0
2019-08-23 00:00:00,118.357477547141,119.472384693437,117.824260013904,118.228210449219,1751200,0,0
2019-08-26 00:00:00,118.76142434529,119.496617073668,118.268604336196,119.238082885742,980800,0,0
2019-08-27 00:00:00,119.601678094362,120.134895799825,117.977801257828,118.010124206543,1690700,0,0
2019-08-28 00:00:00,118.098956185008,119.472397676399,117.864670331206,118.317092895508,1447600,0,0
2019-08-29 00:00:00,118.890681823677,119.367340325577,117.161774646413,117.913116455078,1396400,0,0
2019-08-30 00:00:00,118.236311423742,118.236311423742,116.644745532918,117.282981872559,2003500,0,0
2019-09-03 00:00:00,117.218378401089,119.246218237905,117.032564582757,119.230056762695,1361400,0,0
2019-09-04 00:00:00,119.569347390212,120.756962840362,119.391608184911,120.433807373047,1361400,0,0
2019-09-05 00:00:00,120.660014006732,120.700399192893,118.034335871505,118.818000793457,1273000,0,0
2019-09-06 00:00:00,118.793754185542,119.383530774377,117.8889090365,118.309020996094,977700,0,0
2019-09-09 00:00:00,118.139360826351,118.195919814096,115.642949672826,115.917633056641,1631600,0,0
2019-09-10 00:00:00,114.988524451169,115.012760489406,111.676126179414,112.556747436523,2363800,0,0
2019-09-11 00:00:00,112.354778994757,113.445437763838,111.417611034555,112.023536682129,2205900,0,0
2019-09-12 00:00:00,112.744376475209,114.031302668161,111.628502704767,113.062034606934,1699100,1.125,0
2019-09-13 00:00:00,112.899159804864,113.762537867294,110.504499939072,111.131675720215,2276800,0,0
2019-09-16 00:00:00,110.871013741834,112.850278014321,110.659245775523,112.369720458984,1693800,0,0
2019-09-17 00:00:00,113.143478095027,116.173453370616,113.143478095027,116.05126953125,2057600,0,0
2019-09-18 00:00:00,116.46668314021,116.694744737911,113.021300034411,114.479278564453,2550800,0,0
2019-09-19 00:00:00,114.845834055814,115.5870406485,114.487447904254,115.041320800781,1599800,0,0
2019-09-20 00:00:00,115.391543020282,115.692907515475,113.648493434444,114.503730773926,2333900,0,0
2019-09-23 00:00:00,114.617760627787,115.823231026861,113.216803503825,115.204208374023,1295700,0,0
2019-09-24 00:00:00,115.55444584684,116.401542591893,115.350818494645,115.945419311523,1289700,0,0
2019-09-25 00:00:00,116.328241556606,116.328241556606,114.031319022087,114.104621887207,1512000,0,0
2019-09-26 00:00:00,114.055769827096,116.051315713275,114.039476156345,115.660354614258,1158400,0,0
2019-09-27 00:00:00,115.448553822312,115.644028102094,111.204954857943,112.296394348145,2696500,0,0
2019-09-30 00:00:00,112.752535731486,113.884715783553,112.540767751475,113.224952697754,2530100,0,0
2019-10-01 00:00:00,113.127207460011,113.371562760061,111.327136259015,111.416732788086,2234000,0,0
2019-10-02 00:00:00,111.538912837424,111.83213670177,110.146096374674,111.180526733398,1981100,0,0
2019-10-03 00:00:00,111.490063427936,112.46747233428,111.06651501143,111.864730834961,2433300,0,0
2019-10-04 00:00:00,112.011336525273,112.817692879652,111.840284082219,112.337135314941,2126700,0,0
2019-10-07 00:00:00,111.9542999815,112.418576244753,110.537061764045,111.946159362793,1673500,0,0
2019-10-08 00:00:00,111.856589102272,112.402308965985,110.708127745232,111.652961730957,2297600,0,0
2019-10-09 00:00:00,111.88102415343,112.247550938604,111.180545494205,111.791427612305,1475300,0,0
2019-10-10 00:00:00,111.261980780306,112.744381315857,110.610370822826,112.581481933594,2212600,0,0
2019-10-11 00:00:00,112.58962517035,112.891002084392,111.237549080546,111.327133178711,1851800,0,0
2019-10-14 00:00:00,111.547049201513,111.587777153313,110.50447826326,110.87915802002,938000,0,0
2019-10-15 00:00:00,110.952461141806,111.131654187412,108.736994785607,109.673675537109,1894100,0,0
2019-10-16 00:00:00,109.266433892534,109.771438185055,108.720714071692,109.706275939941,2266500,0,0
2019-10-17 00:00:00,110.382318047358,114.731795287307,110.382318047358,113.689224243164,2355400,0,0
2019-10-18 00:00:00,114.397846783405,118.095726549887,114.104622891915,117.338226318359,3120000,0,0
2019-10-21 00:00:00,117.330087595343,117.330087595343,115.106480298841,116.75993347168,1570600,0,0
2019-10-22 00:00:00,116.539974263166,117.101987582525,114.870227968549,115.090148925781,1323500,0,0
2019-10-23 00:00:00,114.845837328523,115.733649683913,114.00689355366,114.764381408691,1301500,0,0
2019-10-24 00:00:00,115.057578915298,115.578864368673,114.031301674461,115.424118041992,1657700,0,0
2019-10-25 00:00:00,115.253095207485,115.521884836129,114.24309894486,114.845840454102,2028100,0,0
2019-10-28 00:00:00,114.821395945935,115.041316973153,112.948021761386,113.542610168457,2219900,0,0
2019-10-29 00:00:00,113.526324773864,114.357115417969,112.939877008363,113.233100891113,1345000,0,0
2019-10-30 00:00:00,113.387835255592,114.194191438238,113.013155541685,113.42041015625,1959200,0,0
2019-10-31 00:00:00,113.477477868155,113.819570391954,112.532643795705,113.045776367188,2397800,0,0
2019-11-01 00:00:00,113.672943318652,113.819561490773,110.919897243974,111.929893493652,2545300,0,0
2019-11-04 00:00:00,111.815856583706,111.815856583706,109.535227632269,109.55152130127,1626900,0,0
2019-11-05 00:00:00,109.168679556276,109.388600545364,105.772177295573,107.238296508789,3104000,0,0
2019-11-06 00:00:00,107.645539374081,109.30713268159,107.6048114282,109.070930480957,2315300,0,0
2019-11-07 00:00:00,108.443791112299,108.989510969681,107.09170239963,107.441947937012,2122900,0,0
2019-11-08 00:00:00,106.358633429722,108.378613157045,106.277177522574,106.545967102051,2279700,0,0
2019-11-11 00:00:00,106.570392732008,107.515226493103,106.505230497268,106.790313720703,1878400,0,0
2019-11-12 00:00:00,106.790324339409,107.05911392378,106.114280068735,106.423797607422,2657400,0,0
2019-11-13 00:00:00,106.7170120266,107.498933995126,106.488950416745,107.002082824707,1799100,0,0
2019-11-14 00:00:00,107.368630523974,109.079092734438,107.026525653454,108.875465393066,2384200,0,0
2019-11-15 00:00:00,109.225715601812,109.747001121107,108.696277034318,109.698120117188,1732900,0,0
2019-11-18 00:00:00,109.779584678089,111.840292629883,109.738856719161,110.724418640137,1795400,0,0
2019-11-19 00:00:00,110.968756025445,111.587778644422,109.144250644909,109.404899597168,2681400,0,0
2019-11-20 00:00:00,109.396763565044,111.636664579655,109.396763565044,111.498199462891,1620900,0,0
2019-11-21 00:00:00,111.766979596258,112.679226136828,110.268285300057,110.325294494629,2378400,0,0
2019-11-22 00:00:00,110.300865950864,111.441186614384,107.775894165039,107.775894165039,1996300,0,0
2019-11-25 00:00:00,107.87361648434,108.232002574203,106.692580454328,107.018379211426,3021000,0,0
2019-11-26 00:00:00,107.58854269262,109.502644736724,107.58854269262,109.478210449219,4903300,0,0
2019-11-27 00:00:00,109.470041516725,109.942458387325,108.549654487908,108.965049743652,2048600,0,0
2019-11-29 00:00:00,109.144262679487,109.600385967808,108.859179410073,108.867332458496,859100,0,0
2019-12-02 00:00:00,108.696277166267,109.25015002218,106.586700798782,106.660003662109,2026700,0,0
2019-12-03 00:00:00,106.831051044996,109.486347094418,106.717020231301,109.266426086426,1953900,0,0
2019-12-04 00:00:00,108.606674868103,109.983197672371,108.272723048331,109.575942993164,1908600,0,0
2019-12-05 00:00:00,109.404917907739,110.146112079371,108.557821099548,109.958778381348,1945300,0,0
2019-12-06 00:00:00,109.763253426888,110.520753432619,109.388586161259,110.333419799805,1532200,0,0
2019-12-09 00:00:00,110.10537819805,111.400457630489,110.072803289531,110.67554473877,1579800,0,0
2019-12-10 00:00:00,111.082800652366,111.522630278481,108.329754786705,109.144264221191,1314500,0,0
2019-12-11 00:00:00,109.046517297902,110.251987672998,108.810302623142,109.641105651855,1916600,0,0
2019-12-12 00:00:00,109.846557643284,109.904079618738,107.90702497846,108.482307434082,2335700,1.2,0
2019-12-13 00:00:00,108.474112043176,109.550714937586,107.545433573851,109.041168212891,2966400,0,0
2019-12-16 00:00:00,109.287724672868,110.816339811433,108.917901059067,110.536918640137,2026600,0,0
2019-12-17 00:00:00,110.758796247045,110.972469005783,109.205527339508,109.42741394043,1990500,0,0
2019-12-18 00:00:00,109.731524764742,113.043522193606,109.706870692783,112.755874633789,2958100,0,0
2019-12-19 00:00:00,112.517535619153,115.057005078738,112.501095392881,114.991256713867,2640400,0,0
2019-12-20 00:00:00,116.741793155954,117.078748887646,115.467944991421,116.700698852539,3225900,0,0
2019-12-23 00:00:00,116.963667203857,117.382798912004,115.369303879982,115.533668518066,1035200,0,0
2019-12-24 00:00:00,115.509018530754,115.771999452937,114.646088475048,115.089874267578,561300,0,0
2019-12-26 00:00:00,115.278894953229,115.656932345503,114.843323043748,115.550102233887,692500,0,0
2019-12-27 00:00:00,115.969257038536,116.289772517719,115.32001223617,115.944602966309,863700,0,0
2019-12-30 00:00:00,115.624076562457,116.248667233582,115.007699734559,116.207572937012,1125000,0,0
2019-12-31 00:00:00,116.248661588405,116.865038386372,115.517228289761,116.823944091797,1591300,0,0
2020-01-02 00:00:00,116.971876203,117.243083487706,115.985675875114,116.437675476074,1795500,0,0
2020-01-03 00:00:00,115.755549019311,117.275937351809,115.139172320678,117.078704833984,1254500,0,0
2020-01-06 00:00:00,116.815733514118,117.259519303362,116.084300195029,116.092514038086,1631100,0,0
2020-01-07 00:00:00,115.878832827308,116.224002313882,113.544822466537,114.128318786621,1667200,0,0
2020-01-08 00:00:00,114.243378376638,114.983038045233,113.898208880714,114.604988098145,2644600,0,0
2020-01-09 00:00:00,114.399543938731,115.689832198851,114.374889867283,115.262474060059,1534400,0,0
2020-01-10 00:00:00,115.385717171501,117.160885137885,115.221352553921,117.029388427734,2760400,0,0
2020-01-13 00:00:00,117.456750929749,118.221064613859,117.234851790463,117.76082611084,1743200,0,0
2020-01-14 00:00:00,117.481419808379,117.916991759535,115.919936874825,116.65958404541,1667100,0,0
2020-01-15 00:00:00,116.832190603034,118.705975388455,116.799310145622,118.385459899902,1431600,0,0
2020-01-16 00:00:00,118.673061376511,119.37162668646,118.15531345076,119.355186462402,1505500,0,0
2020-01-17 00:00:00,119.585300561504,120.160595546967,118.689502715319,119.371627807617,2070000,0,0
2020-01-21 00:00:00,119.429170823794,121.911105627135,119.264793650408,121.804275512695,1650500,0,0
2020-01-22 00:00:00,122.461726616612,122.617877397725,121.615236893938,122.198745727539,1920100,0,0
2020-01-23 00:00:00,122.560378085989,123.447962263644,121.631699609881,123.094566345215,1246800,0,0
2020-01-24 00:00:00,123.275364862193,123.858873773571,122.667201881061,123.193176269531,868100,0,0
2020-01-27 00:00:00,122.724745127226,123.61232932215,122.116582102866,123.521926879883,1363900,0,0
2020-01-28 00:00:00,123.398626374178,124.738222589287,123.053456882109,124.697128295898,1539100,0,0
2020-01-29 00:00:00,124.754677363781,124.894387945421,122.379572395475,122.49462890625,1519400,0,0
2020-01-30 00:00:00,122.149481171435,124.294473500964,122.108386865921,124.204071044922,968300,0,0
2020-01-31 00:00:00,124.146531199456,124.746467905594,122.223438169775,123.143890380859,1293900,0,0
2020-02-03 00:00:00,123.834199738186,124.039658667303,122.40421361727,122.609672546387,1225000,0,0
2020-02-04 00:00:00,122.971280988954,124.803971106355,122.371331893215,123.645179748535,1264700,0,0
2020-02-05 00:00:00,123.497275038226,123.899966573597,122.708307115087,123.24250793457,1257900,0,0
2020-02-06 00:00:00,123.382204084895,124.269788191985,122.790481346836,123.686279296875,1005100,0,0
2020-02-07 00:00:00,124.14650993834,124.14650993834,123.628749388166,123.678070068359,1119300,0,0
2020-02-10 00:00:00,124.146487470219,125.740850588694,124.006776918836,125.675102233887,1583600,0,0
2020-02-11 00:00:00,126.842112156256,134.378343618071,126.0449305666,132.340194702148,3488200,0,0
2020-02-12 00:00:00,132.175817473235,134.320808832753,130.507492253634,134.131790161133,1969900,0,0
2020-02-13 00:00:00,134.008522335905,134.961854722701,133.408585808101,134.715301513672,1202800,0,0
2020-02-14 00:00:00,135.167316657979,136.753453517094,134.789266723665,136.40007019043,1424600,0,0
2020-02-18 00:00:00,136.465854319971,136.638432837228,135.504307817451,136.597351074219,1275300,0,0
2020-02-19 00:00:00,136.646606119887,137.123272263631,135.208393847287,136.095977783203,1211500,0,0
2020-02-20 00:00:00,136.317877812524,138.019083659274,135.939840428946,137.238342285156,2180300,0,0
2020-02-21 00:00:00,136.967156461901,138.684790262013,136.350779616292,138.117721557617,3006000,0,0
2020-02-24 00:00:00,135.890531551622,138.471095025348,134.370130562806,136.720581054688,2092400,0,0
2020-02-25 00:00:00,137.287659171071,138.002652232711,133.490769627362,133.975662231445,2038500,0,0
2020-02-26 00:00:00,134.567413225298,135.74263252941,133.408621610037,133.704483032227,2293700,0,0
2020-02-27 00:00:00,122.239852383111,128.411834271036,120.809853682191,121.960418701172,5822200,0,0
2020-02-28 00:00:00,119.273013254612,121.60702351752,115.640501145103,117.76082611084,6204100,0,0
2020-03-02 00:00:00,118.286802548041,128.633723215011,118.196412662503,128.403610229492,4077800,0,0
2020-03-03 00:00:00,128.888520048505,133.540114048129,127.935187436667,129.956909179688,4248500,0,0
2020-03-04 00:00:00,132.003249820393,134.961863439392,130.219867806241,134.419448852539,2384700,0,0
2020-03-05 00:00:00,132.159408825066,134.879683230871,131.575912447985,133.33464050293,2513900,0,0
2020-03-06 00:00:00,130.885543625377,132.800422231583,127.162629062391,132.167617797852,3109400,0,0
2020-03-09 00:00:00,125.724424198855,127.598208626275,122.30559715422,123.505470275879,3291300,0,0
2020-03-10 00:00:00,126.242162484732,131.025238984078,122.157638696175,130.959503173828,2944400,0,0
2020-03-11 00:00:00,127.450292349137,128.29678218658,124.33552776729,126.439437866211,3287100,0,0
2020-03-12 00:00:00,118.603752527452,124.534357234188,109.906641134862,118.040504455566,3854100,1.2,0
2020-03-13 00:00:00,123.937988677991,130.870825182817,118.587188618939,128.460479736328,3769000,0,0
2020-03-16 00:00:00,115.075195834266,122.05774002988,111.844845405631,112.499206542969,3833900,0,0
2020-03-17 00:00:00,114.884713244428,126.944707340771,114.478856079271,121.651893615723,4441300,0,0
2020-03-18 00:00:00,116.922302522162,123.151081266916,108.59792262218,114.561653137207,4357000,0,0
2020-03-19 00:00:00,114.230340279391,114.404275416309,105.400699112201,108.299736022949,4548200,0,0
2020-03-20 00:00:00,107.106995156239,113.062447721429,104.034016566241,106.071624755859,5346100,0,0
2020-03-23 00:00:00,105.027973421275,106.593452923521,95.7924684076891,96.8941040039063,4029300,0,0
2020-03-24 00:00:00,100.911349093088,103.040070528496,94.5748805472604,102.468544006348,4397100,0,0
2020-03-25 00:00:00,101.8555957053,111.803429589725,100.778808001461,105.988792419434,3121700,0,0
2020-03-26 00:00:00,106.021942581885,119.05933288372,106.021942581885,118.007392883301,4092400,0,0
2020-03-27 00:00:00,115.481071467485,117.452420754349,111.960812105968,113.385482788086,3220000,0,0
2020-03-30 00:00:00,116.375610516466,123.134510217495,115.381657651913,122.63752746582,2934600,0,0
2020-03-31 00:00:00,120.889849415485,122.430481127714,117.444133575843,119.605987548828,3078400,0,0
2020-04-01 00:00:00,114.031559110167,116.151995783424,110.826056220422,113.965293884277,2519000,0,0
2020-04-02 00:00:00,113.890718732043,121.734684153274,112.69797027366,121.237701416016,3240000,0,0
2020-04-03 00:00:00,119.978736993732,122.198565249472,118.123348532534,120.616516113281,2117600,0,0
2020-04-06 00:00:00,122.910873529169,124.244430926668,119.887597432139,123.209060668945,3275700,0,0
2020-04-07 00:00:00,127.184921456979,127.95523108299,121.179772240197,121.378555297852,2645600,0,0
2020-04-08 00:00:00,122.587859197527,130.895670536093,121.585615057881,130.340713500977,2153800,0,0
2020-04-09 00:00:00,131.086142369657,136.478358321792,130.721702685193,135.956527709961,4349400,0,0
2020-04-13 00:00:00,135.169693314711,135.484449995263,129.479301016339,130.083953857422,1725500,0,0
2020-04-14 00:00:00,132.767620278838,137.414363444331,131.815084503889,137.314971923828,2460700,0,0
2020-04-15 00:00:00,137.513765994862,137.753966379533,133.753293421711,134.565032958984,2697900,0,0
2020-04-16 00:00:00,136.205058252919,136.693750082026,133.314299347289,134.018356323242,2038600,0,0
2020-04-17 00:00:00,136.859392270647,139.01296767722,135.650086766628,138.366897583008,2058900,0,0
2020-04-20 00:00:00,136.884233930572,137.92789529597,134.515306146463,134.531875610352,1883500,0,0
2020-04-21 00:00:00,132.668222263566,133.272875048355,130.995060130483,132.25407409668,2103500,0,0
2020-04-22 00:00:00,134.068010278583,136.826237870515,133.811240503993,135.153076171875,1649400,0,0
2020-04-23 00:00:00,134.796926612294,135.658349089473,132.303746989682,132.982955932617,1537200,0,0
2020-04-24 00:00:00,133.860977172852,134.391086345333,131.309822830657,133.860977172852,1475000,0,0
2020-04-27 00:00:00,135.012272053212,136.436942438128,134.159128032323,135.674911499023,1626500,0,0
2020-04-28 00:00:00,135.037117355224,137.497157877755,133.314259884437,133.571029663086,2059900,0,0
2020-04-29 00:00:00,135.351904123887,135.409878293872,128.435624825015,128.750381469727,3280000,0,0
2020-04-30 00:00:00,124.7414080296,132.444552285488,124.7414080296,132.055252075195,3669500,0,0
2020-05-01 00:00:00,130.025940032983,130.870805735455,128.452182234721,129.553817749023,1553200,0,0
2020-05-04 00:00:00,130.166772855619,130.70517309332,126.141251887782,130.647186279297,1803800,0,0
2020-05-05 00:00:00,130.531226729175,132.510854620934,130.365569976825,131.434066772461,1174900,0,0
2020-05-06 00:00:00,131.856481477385,132.477703662141,128.369348719214,128.377639770508,1581600,0,0
2020-05-07 00:00:00,129.479277337882,130.812822182289,127.922076325772,128.129150390625,2337300,0,0
2020-05-08 00:00:00,130.307555254447,131.069586189182,129.081667863146,130.622299194336,1370000,0,0
2020-05-11 00:00:00,129.073408458999,133.214889782953,128.858055980121,132.353454589844,2017700,0,0
2020-05-12 00:00:00,132.510858655928,132.73450222975,125.660856314741,127.739875793457,1961200,0,0
2020-05-13 00:00:00,127.690167213457,131.334666065518,126.364888009726,126.88671875,2143700,0,0
2020-05-14 00:00:00,126.530540311466,126.571957654905,123.846868344321,125.93416595459,1718500,0,0
2020-05-15 00:00:00,125.428886235636,126.480825937901,122.223384018348,124.360389709473,2593900,0,0
2020-05-18 00:00:00,126.936418969876,130.415261203443,126.704496996891,129.545547485352,2565900,0,0
2020-05-19 00:00:00,128.96574112518,129.230802027828,126.315195292699,126.364891052246,1349800,0,0
2020-05-20 00:00:00,127.160083882858,127.715041028464,125.370960386134,126.199256896973,1816900,0,0
2020-05-21 00:00:00,126.066700109978,126.530544037029,122.902614671141,124.931938171387,2254200,0,0
2020-05-22 00:00:00,125.528309975368,129.943130882956,124.203030806248,129.3798828125,1874000,0,0
2020-05-26 00:00:00,133.206634114151,133.496530273046,129.876879022302,132.18782043457,2657200,0,0
2020-05-27 00:00:00,132.394881287735,135.070287512025,130.945362721908,135.061996459961,1690800,0,0
2020-05-28 00:00:00,136.69373132736,140.147725228819,135.807460897765,139.808120727539,2437000,0,0
2020-05-29 00:00:00,139.253163333046,142.914231289435,137.961023188297,142.599487304688,3286300,0,0
2020-06-01 00:00:00,142.251604039298,145.465384929128,140.47905055098,143.933044433594,2907100,0,0
2020-06-02 00:00:00,144.885582397547,145.738726546698,142.591198184991,144.579116821289,3183300,0,0
2020-06-03 00:00:00,146.243979535776,146.484192518871,144.065556418539,144.587387084961,1917600,0,0
2020-06-04 00:00:00,143.734278660256,144.355500983506,137.588320658895,138.863891601563,1941800,0,0
2020-06-05 00:00:00,140.595014082638,141.265932042293,137.919608017989,139.650756835938,3265800,0,0
2020-06-08 00:00:00,139.153821358543,143.436113034885,139.153821358543,143.154495239258,1958300,0,0
2020-06-09 00:00:00,142.765143573551,146.285402671015,142.533221632351,144.405166625977,1717800,0,0
2020-06-10 00:00:00,144.305772155382,145.564785980891,142.201892624972,144.198089599609,1858300,0,0
2020-06-11 00:00:00,141.829420236233,143.13886487263,133.839263922346,134.047775268555,3072000,1.2,0
2020-06-12 00:00:00,137.442323265538,138.201307564319,135.532365074314,137.092025756836,1941300,0,0
2020-06-15 00:00:00,134.564903983307,139.977864103932,134.448138117103,139.761016845703,3733600,0,0
2020-06-16 00:00:00,143.455791978766,143.455791978766,138.993644521376,141.445739746094,2053000,0,0
2020-06-17 00:00:00,142.922039998213,143.6560041241,141.262284841365,141.329010009766,2422700,0,0
2020-06-18 00:00:00,140.261399570379,140.8535773457,137.058668604321,137.825988769531,1982300,0,0
2020-06-19 00:00:00,139.585827869802,142.446597262072,137.884380984912,142.163024902344,5207000,0,0
2020-06-22 00:00:00,141.354024989975,141.787732204852,137.84270063105,138.735122680664,2747500,0,0
2020-06-23 00:00:00,139.385638171084,139.9361110907,137.909387241005,138.059509277344,1727400,0,0
2020-06-24 00:00:00,136.783426677709,138.318066947045,132.738301956693,135.198745727539,2054600,0,0
2020-06-25 00:00:00,135.315527916694,137.525743097523,134.081131583134,137.38395690918,1302600,0,0
2020-06-26 00:00:00,137.125426041935,137.475723630711,134.014427110918,134.556564331055,2750500,0,0
2020-06-29 00:00:00,136.107854617917,136.358070753358,134.006056897338,135.36555480957,1402700,0,0
2020-06-30 00:00:00,135.899326497262,140.111257289332,135.815916886916,139.57746887207,2003100,0,0
2020-07-01 00:00:00,140.061234153239,144.364911356069,139.46073318976,143.364059448242,1780600,0,0
2020-07-02 00:00:00,144.890365529068,145.123897219114,141.529163640333,142.388229370117,2253800,0,0
2020-07-06 00:00:00,148.968832972725,150.128155441798,143.764385669195,145.374099731445,3263000,0,0
2020-07-07 00:00:00,143.422434445588,145.082176436712,142.788551876778,143.047103881836,1705000,0,0
2020-07-08 00:00:00,143.539192599499,144.723535327184,141.520791895388,142.96369934082,2282800,0,0
2020-07-09 00:00:00,142.53003989184,143.664342319944,140.937009877642,143.163909912109,1435300,0,0
2020-07-10 00:00:00,143.43075960148,144.256468962916,141.670923652453,143.038757324219,2070000,0,0
2020-07-13 00:00:00,142.855299962423,143.355732310087,138.48489733593,139.210525512695,2245400,0,0
2020-07-14 00:00:00,140.119608719071,141.654248998296,138.184617537554,141.245574951172,2534200,0,0
2020-07-15 00:00:00,142.73853098508,143.138869218528,139.569155881181,140.11962890625,1797100,0,0
2020-07-16 00:00:00,139.252201144534,140.136287077131,137.283853836923,138.234664916992,1623900,0,0
2020-07-17 00:00:00,139.068751826527,141.912837321128,138.151296682124,140.920333862305,1403400,0,0
2020-07-20 00:00:00,147.85954067659,147.85954067659,141.862753301984,141.921142578125,3817800,0,0
2020-07-21 00:00:00,143.03876076736,143.03876076736,139.018656542603,139.727600097656,2411100,0,0
2020-07-22 00:00:00,139.218851265359,141.379025713586,138.876889610197,140.169662475586,1368300,0,0
2020-07-23 00:00:00,139.73595782279,140.778514551201,137.383956461285,139.085403442383,1730700,0,0
2020-07-24 00:00:00,138.793487067099,139.977829914041,138.226329622262,139.035354614258,1498100,0,0
2020-07-27 00:00:00,139.285514912558,141.112075497654,138.73504215854,140.486541748047,1603200,0,0
2020-07-28 00:00:00,140.219699332467,144.223119533873,140.203027588662,143.272308349609,2070300,0,0
2020-07-29 00:00:00,144.231452508506,146.08303415538,143.539206085383,145.01545715332,2469800,0,0
2020-07-30 00:00:00,140.911954854876,142.371534170948,139.368978642371,141.962860107422,2780900,0,0
2020-07-31 00:00:00,141.962860107422,141.962860107422,141.962860107422,141.962860107422,0,0,0
2020-08-03 00:00:00,138.393143651118,138.493237750649,135.115351419848,136.866851806641,2799700,0,0
2020-08-04 00:00:00,137.117044204809,139.927785560337,136.908532876804,138.351440429688,2300200,0,0
2020-08-05 00:00:00,138.760139556008,138.926958829766,136.558260043555,137.217163085938,1713500,0,0
2020-08-06 00:00:00,136.79178415978,137.859361274631,136.308036291094,136.675018310547,1513600,0,0
2020-08-07 00:00:00,136.708393170945,141.253938341676,136.616647662111,140.278106689453,1633400,0,0
2020-08-10 00:00:00,140.169663427325,140.31144961363,137.550761463724,138.601654052734,2287500,0,0
2020-08-11 00:00:00,139.427353401848,139.53578336499,134.614908383971,134.940185546875,1865200,0,0
2020-08-12 00:00:00,135.941038384846,138.584960271103,135.632432991704,137.784271240234,1098600,0,0
2020-08-13 00:00:00,137.367266823104,137.942760151783,136.449824572525,137.083694458008,1309700,0,0
2020-08-14 00:00:00,137.067018631781,138.351455680726,136.474853521825,137.308898925781,1435300,0,0
2020-08-17 00:00:00,137.417279853826,138.718401030381,137.125371675509,138.501541137695,1182100,0,0
2020-08-18 00:00:00,138.226327027799,140.294768580119,137.901049862748,138.451522827148,1071200,0,0
2020-08-19 00:00:00,139.394007723,139.627539410091,135.348882559963,135.649139404297,1486900,0,0
2020-08-20 00:00:00,133.447264622319,136.574934886904,133.447264622319,135.849319458008,1261400,0,0
2020-08-21 00:00:00,136.366407743239,136.466489107628,134.639927848402,136.091171264648,1077600,0,0
2020-08-24 00:00:00,136.032791397141,136.032791397141,132.613200629912,134.289627075195,1144700,0,0
2020-08-25 00:00:00,134.331374152867,134.781765876406,133.188735822653,134.02278137207,1443600,0,0
2020-08-26 00:00:00,133.447231245965,134.631573896091,132.521440570136,134.256256103516,1828100,0,0
2020-08-27 00:00:00,134.698332233571,136.458168538377,134.598250857959,136.299697875977,1858900,0,0
2020-08-28 00:00:00,136.199617521482,136.816802977747,134.865139779545,136.608291625977,1781200,0,0
2020-08-31 00:00:00,136.041147359647,136.808467609808,135.557399494574,136.157913208008,1386400,0,0
2020-09-01 00:00:00,135.540694622077,135.982737604804,133.747502350752,135.198745727539,1148600,0,0
2020-09-02 00:00:00,134.414765299709,139.052055880021,133.872628131284,138.685073852539,2362600,0,0
2020-09-03 00:00:00,138.751811158546,139.135477691727,133.931029142561,134.873504638672,1749100,0,0
2020-09-04 00:00:00,134.514824345276,135.340533770014,130.945111495867,133.939331054688,1943200,0,0
2020-09-08 00:00:00,133.288764191022,134.648261968223,131.462203128199,132.196166992188,2921300,0,0
2020-09-09 00:00:00,133.372204092917,136.391444393887,133.230417900904,134.523178100586,1743100,0,0
2020-09-10 00:00:00,134.006069893871,134.356367426854,132.321294660124,132.413040161133,1892000,0,0
2020-09-11 00:00:00,132.930158478851,133.697478711324,131.57899629151,132.271255493164,1267100,0,0
2020-09-14 00:00:00,132.985622171557,135.187478014899,132.968810489763,134.599197387695,1390100,1.2,0
2020-09-15 00:00:00,134.893354457462,138.750821795724,134.72527608133,137.37255859375,2093600,0,0
2020-09-16 00:00:00,138.616284956718,141.011429477205,137.960770639654,139.649978637695,1598600,0,0
2020-09-17 00:00:00,138.254925179955,139.128952949487,135.632867518463,136.691772460938,1819900,0,0
2020-09-18 00:00:00,136.338804077558,136.666561285078,133.557067527456,134.195770263672,3016300,0,0
2020-09-21 00:00:00,133.63271096475,134.044513774015,131.161932579824,132.430938720703,2017400,0,0
2020-09-22 00:00:00,132.027550287017,135.212677656411,131.985527497876,134.447906494141,2203100,0,0
2020-09-23 00:00:00,133.288151691458,133.615908915964,130.271089952129,130.783737182617,2495500,0,0
2020-09-24 00:00:00,131.548530449392,133.842831406982,130.808970301018,132.279678344727,2292200,0,0
2020-09-25 00:00:00,131.439266034374,136.027880503812,131.203953787075,135.901824951172,1827100,0,0
2020-09-28 00:00:00,137.733889655674,138.456638021109,136.002658479379,137.48176574707,1843900,0,0
2020-09-29 00:00:00,137.162404388611,138.24652039555,136.464867214962,137.977584838867,1552600,0,0
2020-09-30 00:00:00,138.49865267967,140.347539861639,138.120473250741,139.927337646484,2341600,0,0
2020-10-01 00:00:00,140.137414795404,141.44004400439,138.607872838434,141.196319580078,1693200,0,0
2020-10-02 00:00:00,140.271884942841,142.280450709078,139.591159510871,141.708969116211,2275700,0,0
2020-10-05 00:00:00,141.708991387584,142.028349175658,138.902043659043,141.742614746094,1450200,0,0
2020-10-06 00:00:00,141.818238440282,141.818238440282,138.196097631738,138.74235534668,2010000,0,0
2020-10-07 00:00:00,139.675219250732,139.927343154459,137.977598644088,138.599502563477,1514400,0,0
2020-10-08 00:00:00,139.297024002265,142.288861500711,138.952455133717,139.322235107422,1329000,0,0
2020-10-09 00:00:00,140.011382701026,140.876998235158,138.565886060357,140.650085449219,1010400,0,0
2020-10-12 00:00:00,141.381225585938,141.608138359661,139.944141273982,141.381225585938,1029700,0,0
2020-10-13 00:00:00,141.263559291503,141.263559291503,139.456695130105,140.179443359375,1635400,0,0
2020-10-14 00:00:00,140.49040525219,140.759340821704,138.24652699122,138.691940307617,1463900,0,0
2020-10-15 00:00:00,137.960796923099,141.608149140824,137.364104124118,141.305603027344,1045700,0,0
2020-10-16 00:00:00,140.381129600614,141.566102749462,139.809660827966,140.263473510742,1171700,0,0
2020-10-19 00:00:00,141.398059463216,141.818261720165,137.616239150678,138.095275878906,3165600,0,0
2020-10-20 00:00:00,138.3893683389,139.204561499244,136.363990989035,138.212890625,2080900,0,0
2020-10-21 00:00:00,136.918678351814,139.044900380947,136.775811147813,137.649826049805,1434300,0,0
2020-10-22 00:00:00,136.68337021362,137.271650725082,129.934923951419,131.313186645508,3377500,0,0
2020-10-23 00:00:00,131.430851250431,133.615907946992,130.262689579404,133.178894042969,1784100,0,0
2020-10-26 00:00:00,132.531762270936,134.826062535772,131.666146823893,134.3974609375,1548100,0,0
2020-10-27 00:00:00,134.624372416523,136.439648856981,134.565537957794,134.977340698242,1763700,0,0
2020-10-28 00:00:00,133.204106068474,134.531946645712,131.523297159093,131.817443847656,1743400,0,0
2020-10-29 00:00:00,133.464598122212,134.136924093125,131.28795417228,132.540161132813,1310500,0,0
2020-10-30 00:00:00,131.640959227787,132.439340931167,129.489525778175,131.271179199219,1256000,0,0
2020-11-02 00:00:00,132.321704866849,135.145464903259,131.884690873812,134.027725219727,1260700,0,0
2020-11-03 00:00:00,135.12863256096,136.481684305368,133.741970279253,134.758865356445,1311500,0,0
2020-11-04 00:00:00,134.153764900356,139.044912074352,134.094930434233,136.254776000977,1684400,0,0
2020-11-05 00:00:00,137.590996676867,138.204488241569,135.81774304382,136.918670654297,1213400,0,0
2020-11-06 00:00:00,137.330507543967,138.902059914035,136.237979088513,137.885177612305,877200,0,0
2020-11-09 00:00:00,140.490396077226,142.381305897386,135.683282086313,135.96061706543,2174000,0,0
2020-11-10 00:00:00,135.960623229998,136.204347687947,132.506560622287,134.817672729492,2372500,0,0
2020-11-11 00:00:00,135.926998869502,140.591232570746,135.279883954715,138.364166259766,1254000,0,0
2020-11-12 00:00:00,138.095271649558,140.456806209515,137.834735486443,140.305526733398,1883700,0,0
2020-11-13 00:00:00,140.776117436764,141.498865636207,139.204565524304,141.196319580078,1649900,0,0
2020-11-16 00:00:00,142.255261277526,142.381316812446,138.24652856088,139.01969909668,2073100,0,0
2020-11-17 00:00:00,138.750783856061,140.255102222907,138.246536041987,139.792877197266,2371700,0,0
2020-11-18 00:00:00,139.750859645012,144.658831705414,139.465125190656,143.415023803711,3104400,0,0
2020-11-19 00:00:00,143.146059974479,143.15445940065,140.490379419831,141.263549804688,2220200,0,0
2020-11-20 00:00:00,141.280387183467,141.89387881784,139.717234453481,140.322326660156,1569800,0,0
2020-11-23 00:00:00,140.767722268027,141.095479436784,138.742344798339,139.809661865234,2037400,0,0
2020-11-24 00:00:00,141.019892092007,141.414883273302,137.834751529955,138.03645324707,2143900,0,0
2020-11-25 00:00:00,138.313775118793,139.927350231282,137.414536142181,138.63313293457,1932400,0,0
2020-11-27 00:00:00,138.927219344346,140.490371704102,138.439783358664,140.490371704102,879700,0,0
2020-11-30 00:00:00,140.347531949938,140.977835237138,137.834718228487,140.826568603516,3208900,0,0
2020-12-01 00:00:00,141.187941733225,143.625109407532,140.977840629455,143.541076660156,2891900,0,0
2020-12-02 00:00:00,142.902349823044,143.339363675,139.776057443276,140.21305847168,1494000,0,0
2020-12-03 00:00:00,139.675194448999,141.675360820242,139.675194448999,140.717300415039,1861200,0,0
2020-12-04 00:00:00,141.120714069449,141.14592517713,137.011136811284,137.406127929688,2521300,0,0
2020-12-07 00:00:00,136.843054685908,138.666730757652,135.599259721829,136.523696899414,2032600,0,0
2020-12-08 00:00:00,136.817854127614,137.616235831851,135.321935154837,135.582458496094,2403800,0,0
2020-12-09 00:00:00,134.91852830389,135.254697786851,131.842657682012,133.111663818359,3029600,0,0
2020-12-10 00:00:00,133.103259681944,134.086531340659,131.5232952268,132.128387451172,2148200,0,0
2020-12-11 00:00:00,133.153684467659,133.54026333741,131.220751648236,132.51496887207,2702600,0,0
2020-12-14 00:00:00,133.837160864116,134.676230455523,131.30297153543,131.531814575195,2711700,1.33,0
2020-12-15 00:00:00,131.625030338259,132.226785940179,130.819857288185,131.71826171875,3088400,0,0
2020-12-16 00:00:00,132.116625942237,133.277769942561,130.11639943406,130.624923706055,4286500,0,0
2020-12-17 00:00:00,132.455641466706,133.515083193905,131.387728861439,132.006439208984,4831200,0,0
2020-12-18 00:00:00,131.218219803336,132.048818490192,128.904389776708,130.362182617188,5924500,0,0
2020-12-21 00:00:00,129.209480085149,130.184174004602,128.158522415739,129.89599609375,2423100,0,0
2020-12-22 00:00:00,129.429882298864,130.769005258011,128.828113708941,130.090972900391,2248400,0,0
2020-12-23 00:00:00,130.701236263705,131.692872347291,129.175637314866,129.218017578125,1977100,0,0
2020-12-24 00:00:00,129.573968205383,130.769008673114,129.319699598316,130.523223876953,521800,0,0
2020-12-28 00:00:00,130.811391425464,132.489556504542,130.040114711279,132.430221557617,1742200,0,0
2020-12-29 00:00:00,133.065872020075,133.896470657406,131.523318760966,132.057281494141,1771500,0,0
2020-12-30 00:00:00,132.209857719045,133.22691919865,131.955589115984,132.548873901367,1310100,0,0
2020-12-31 00:00:00,132.048822084037,135.066110113731,131.540284871839,134.922027587891,1579900,0,0
2021-01-04 00:00:00,134.21012906458,134.811884929108,130.836856140268,131.370819091797,2218700,0,0
2021-01-05 00:00:00,131.548755454163,133.099766636858,131.286003063612,131.887771606445,2380600,0,0
2021-01-06 00:00:00,131.04022767507,131.082607930298,128.268724520874,128.345001220703,2709900,0,0
2021-01-07 00:00:00,128.02290344203,129.89598862538,127.777105790962,129.20947265625,2568000,0,0
2021-01-08 00:00:00,130.370631166314,131.480923718701,129.972280152958,130.574035644531,2432600,0,0
2021-01-11 00:00:00,130.319786167444,131.150397683721,128.794200627225,129.726501464844,1622500,0,0
2021-01-12 00:00:00,129.175599243682,129.667181700796,126.404096381173,127.522872924805,2304100,0,0
2021-01-13 00:00:00,127.480512592883,129.633292582345,127.42966145707,129.412933349609,1457400,0,0
2021-01-14 00:00:00,130.599483984516,132.320016136934,129.18407153528,131.167343139648,3882400,0,0
2021-01-15 00:00:00,131.184313081608,133.879539595245,130.548648037111,133.277770996094,2437200,0,0
2021-01-19 00:00:00,134.650790872327,135.608530255702,133.082825000828,135.091522216797,2824700,0,0
2021-01-20 00:00:00,135.235605272034,136.845964334878,134.142267182812,134.811828613281,1670800,0,0
2021-01-21 00:00:00,134.040573142149,135.430560284894,133.159123243211,135.049163818359,1491600,0,0
2021-01-22 00:00:00,134.676236838332,135.328856610187,133.87954746581,134.69319152832,1367800,0,0
2021-01-25 00:00:00,135.65092749354,137.566393567498,135.19324140434,136.362869262695,1720100,0,0
2021-01-26 00:00:00,136.08317909289,139.253033633707,135.286476785175,138.532608032227,1882800,0,0
2021-01-27 00:00:00,137.956280176089,138.151213850567,134.854231411561,135.506851196289,1866000,0,0
2021-01-28 00:00:00,133.44727758,136.388288853911,132.955695065895,134.023620605469,2522300,0,0
2021-01-29 00:00:00,132.328535293596,135.523802754367,131.464027081549,134.981369018555,2569600,0,0
2021-02-01 00:00:00,135.608543472593,139.456430203267,133.947333124692,139.227600097656,1898500,0,0
2021-02-02 00:00:00,139.91413994354,141.634672595233,139.210668953381,140.363342285156,1608400,0,0
2021-02-03 00:00:00,139.473419855364,139.84634551262,136.761250892556,138.286849975586,2201500,0,0
2021-02-04 00:00:00,137.837636802822,139.549685647762,136.651054083328,138.261413574219,2014400,0,0
2021-02-05 00:00:00,138.574972886167,138.642778706163,137.235837039693,137.524002075195,2192900,0,0
2021-02-08 00:00:00,137.286712482488,137.33756362333,133.235407781976,136.371353149414,2556100,0,0
2021-02-09 00:00:00,136.820547707107,139.312356928094,136.549337327125,138.990295410156,3077100,0,0
2021-02-10 00:00:00,139.685303994967,140.253163343863,138.04953178686,138.219039916992,1447600,0,0
2021-02-11 00:00:00,137.218874140473,138.752956477375,136.3289535213,137.303634643555,2336300,0,0
2021-02-12 00:00:00,137.600272995131,139.592015339534,136.888318448308,139.388610839844,2199500,0,0
2021-02-16 00:00:00,139.270002238461,139.753101025522,136.176424094794,137.269775390625,3150900,0,0
2021-02-17 00:00:00,136.549351796638,138.473301959917,136.456120389625,138.261413574219,1569300,0,0
2021-02-18 00:00:00,138.100368554073,140.109066198917,137.727442947025,139.761566162109,1744100,0,0
2021-02-19 00:00:00,140.219248518816,141.024421730929,139.651389244323,140.524368286133,4530800,0,0
2021-02-22 00:00:00,139.854755566587,140.939622679874,138.337640956371,140.11750793457,3437100,0,0
2021-02-23 00:00:00,140.948121523521,140.948121523521,136.998519897461,136.998519897461,2594800,0,0
2021-02-24 00:00:00,136.456117491921,137.396902421748,135.83740703996,136.625625610352,1731800,0,0
2021-02-25 00:00:00,136.473053286246,137.896936803069,133.820206982531,135.27799987793,2360600,0,0
2021-02-26 00:00:00,135.608541081461,136.03231777234,131.904736941618,132.006439208984,3615900,0,0
2021-03-01 00:00:00,132.506471796188,133.896458606732,130.192655048406,130.294357299805,2198700,0,0
2021-03-02 00:00:00,130.370682958258,130.947013119012,128.63319573164,129.811294555664,2443300,0,0
2021-03-03 00:00:00,129.98926560287,130.04860055072,125.861684531429,125.878639221191,2593500,0,0
2021-03-04 00:00:00,126.25153975062,129.531566740085,125.904039808947,126.395622253418,2880900,0,0
2021-03-05 00:00:00,127.082160491332,127.989035915964,123.869925821952,127.260139465332,3773800,0,0
2021-03-08 00:00:00,127.217747228935,127.887308602027,124.107215439521,124.395393371582,3389500,0,0
2021-03-09 00:00:00,125.768453898828,128.624704840796,125.607416676704,128.014465332031,2533600,0,0
2021-03-10 00:00:00,128.353490750162,129.370552257777,127.133011767967,128.777267456055,1860900,0,0
2021-03-11 00:00:00,129.251892921594,132.752292586373,129.014579005267,131.997970581055,2568400,0,0
2021-03-12 00:00:00,131.50216029747,135.802073824726,130.758441673036,135.648193359375,2381300,1.33,0
2021-03-15 00:00:00,135.272026636619,138.503371921055,134.85314371307,138.093032836914,2622000,0,0
2021-03-16 00:00:00,138.477762308443,141.580872520751,137.768232137576,141.093612670898,2594500,0,0
2021-03-17 00:00:00,140.871341242755,141.905720001417,139.563416071807,141.016677856445,2235100,0,0
2021-03-18 00:00:00,140.110549035098,141.657845551559,138.571822449857,141.213317871094,1561500,0,0
2021-03-19 00:00:00,141.435532769068,143.906059278084,140.614880575613,141.580856323242,4115900,0,0
2021-03-22 00:00:00,141.580856142052,145.154151151741,141.572312301476,143.521377563477,2404200,0,0
2021-03-23 00:00:00,143.538506817679,145.461927896209,142.487027236378,144.205291748047,2269100,0,0
2021-03-24 00:00:00,143.68379191126,144.470255642968,141.538114112059,143.341842651367,1855700,0,0
2021-03-25 00:00:00,143.256392324739,143.786397473186,142.247658121528,143.179458618164,1485000,0,0
2021-03-26 00:00:00,144.718188686786,148.308584948641,143.470109489808,148.137603759766,1866700,0,0
2021-03-29 00:00:00,148.137625819842,149.890078914519,146.804055829836,149.625076293945,2317700,0,0
2021-03-30 00:00:00,148.616330006447,148.616330006447,145.966278157569,146.171447753906,2030800,0,0
2021-03-31 00:00:00,146.205636488044,147.787121150395,145.162713864749,147.145980834961,2314300,0,0
2021-04-01 00:00:00,147.898223394611,149.248893709579,146.761266489403,149.137771606445,1815400,0,0
2021-04-05 00:00:00,149.479732638175,151.916071131162,149.163440913358,151.685256958008,2005900,0,0
2021-04-06 00:00:00,151.685208549818,151.685208549818,149.505329495566,150.984222412109,1751200,0,0
2021-04-07 00:00:00,150.958616967905,151.557011969773,149.505368236503,150.676513671875,1900000,0,0
2021-04-08 00:00:00,151.574109251498,152.266538669637,150.180693529938,150.240539550781,1606400,0,0
2021-04-09 00:00:00,149.855885092103,150.975741567824,149.069421101856,149.804595947266,1390800,0,0
2021-04-12 00:00:00,150.026840695709,151.839126563071,149.411344921127,151.770736694336,1425200,0,0
2021-04-13 00:00:00,151.505730744631,153.300928888011,150.975725578733,151.40315246582,1473500,0,0
2021-04-14 00:00:00,151.411658574455,152.728140363263,149.898577162945,150.189224243164,1564500,0,0
2021-04-15 00:00:00,151.061186741752,153.565901550941,150.958595438897,153.42057800293,2242500,0,0
2021-04-16 00:00:00,153.873692018809,154.164339195387,152.411886205255,153.548843383789,1390400,0,0
2021-04-19 00:00:00,154.2155915748,154.694320570609,152.73669842862,154.489151000977,1394600,0,0
2021-04-20 00:00:00,154.266909689383,157.729056856936,153.942061098242,156.438232421875,1900800,0,0
2021-04-21 00:00:00,157.258907572106,157.874390295011,155.403863385284,156.344207763672,1482100,0,0
2021-04-22 00:00:00,156.865643389331,158.977132929702,155.326904224117,157.472595214844,1971700,0,0
2021-04-23 00:00:00,158.276168298091,160.823641892208,157.874385987745,160.011520385742,1308700,0,0
2021-04-26 00:00:00,160.225231356984,160.242332084234,157.82309441769,159.088287353516,1382400,0,0
2021-04-27 00:00:00,159.661057228155,159.661057228155,157.421331271053,157.925704956055,1353600,0,0
2021-04-28 00:00:00,158.327449235961,159.036966282142,157.831632556871,158.310348510742,1097200,0,0
2021-04-29 00:00:00,159.344761686044,161.020281068828,158.062480836498,160.678344726563,1373700,0,0
2021-04-30 00:00:00,160.14830280969,162.071723800219,159.985878505667,161.61865234375,1310000,0,0
2021-05-03 00:00:00,161.635741727531,161.6870308633,159.994424162756,160.456039428711,1413300,0,0
2021-05-04 00:00:00,159.182334350145,160.609938653396,155.711616910369,157.207611083984,2966700,0,0
2021-05-05 00:00:00,157.113548045069,157.746144447763,155.30980630515,156.592086791992,1929000,0,0
2021-05-06 00:00:00,156.634844473458,156.634844473458,153.745447751166,154.625946044922,2141600,0,0
2021-05-07 00:00:00,155.993704945763,157.532444268054,155.549190398016,156.711791992188,2023000,0,0
2021-05-10 00:00:00,156.71179739423,157.216157981578,156.284370514639,156.600662231445,1452000,0,0
2021-05-11 00:00:00,155.660303446153,156.438223425448,154.34383451845,155.771438598633,1262100,0,0
2021-05-12 00:00:00,155.267066861065,155.532069395685,152.787983541654,152.873474121094,1414300,0,0
2021-05-13 00:00:00,153.104292975539,154.79689953963,152.283627737295,153.659942626953,1764200,0,0
2021-05-14 00:00:00,154.454992109861,155.574861644811,154.001920598941,154.82258605957,1438500,0,0
2021-05-17 00:00:00,154.651586617272,156.275803436167,154.566096029316,155.583374023438,1198700,0,0
2021-05-18 00:00:00,155.583397082071,157.19052645679,154.087402879359,156.241638183594,1615200,0,0
2021-05-19 00:00:00,155.728700826834,156.669045137774,153.583022682459,155.455154418945,1301400,0,0
2021-05-20 00:00:00,155.634684617386,159.096845202426,155.147424722147,158.532638549805,1178000,0,0
2021-05-21 00:00:00,158.002622533434,159.071189736865,157.258903933936,158.618118286133,1567300,0,0
2021-05-24 00:00:00,159.04553774175,159.968781327692,158.28471845019,159.207962036133,1890300,0,0
2021-05-25 00:00:00,159.524269464004,161.558825698984,158.259089481831,160.883483886719,1497000,0,0
2021-05-26 00:00:00,160.883454520775,162.302514712103,160.413282403886,161.028778076172,1541100,0,0
2021-05-27 00:00:00,160.772320862574,162.003299074653,160.09697922211,161.806686401367,2905400,0,0
2021-05-28 00:00:00,162.422177760142,163.755747237865,161.977650252891,161.994750976563,1583800,0,0
2021-06-01 00:00:00,163.037732939944,163.764363955125,162.011910893363,163.721618652344,1412000,0,0
2021-06-02 00:00:00,164.174668237335,167.123911118861,163.93531022657,166.961486816406,1579300,0,0
2021-06-03 00:00:00,166.525502925005,167.004218908684,165.670649227283,166.619537353516,1662400,0,0
2021-06-04 00:00:00,167.474393840571,168.53440409522,166.781964420929,168.158279418945,1013100,0,0
2021-06-07 00:00:00,168.320679148808,170.03038645573,167.747928766273,169.295211791992,1271000,0,0
2021-06-08 00:00:00,169.859424280153,170.115882993975,167.508576650839,167.790679931641,1625800,0,0
2021-06-09 00:00:00,168.628432080703,169.320874517914,167.474387440082,168.483108520508,1695800,0,0
2021-06-10 00:00:00,168.038576942268,171.372500735474,167.859051948466,171.175888061523,2569200,0,0
2021-06-11 00:00:00,171.029632979362,171.184529227862,166.52024286396,167.243118286133,1807300,1.33,0
2021-06-14 00:00:00,166.950533047225,169.755985730973,166.571880252715,169.601089477539,1057000,0,0
2021-06-15 00:00:00,169.532207627865,169.532207627865,168.060627865122,168.249954223633,1081300,0,0
2021-06-16 00:00:00,168.878197872604,169.25683749963,166.305089815224,166.907485961914,1381900,0,0
2021-06-17 00:00:00,166.348132269684,169.583869743465,166.107173794576,169.411758422852,1240900,0,0
2021-06-18 00:00:00,169.265451797313,169.506410256269,167.096812535456,167.15705871582,2997100,0,0
2021-06-21 00:00:00,167.828294039201,170.392787876963,166.692335817021,170.091583251953,1190700,0,0
2021-06-22 00:00:00,169.68711486535,171.442684279827,169.626881818959,169.635482788086,1396400,0,0
2021-06-23 00:00:00,169.53222075446,169.807609344981,168.34463043753,168.680252075195,1170700,0,0
2021-06-24 00:00:00,169.712961004928,170.082999683154,167.854127250057,168.611419677734,1079400,0,0
2021-06-25 00:00:00,168.645814479911,169.64407830181,168.447887161668,169.127731323242,1996800,0,0
2021-06-28 00:00:00,169.730166458402,171.072653154293,168.757731579649,170.41862487793,1218000,0,0
2021-06-29 00:00:00,170.478847014958,171.399649680326,169.222409591709,169.833419799805,1268300,0,0
2021-06-30 00:00:00,169.144979215624,170.573528086475,167.699215273814,167.897155761719,1643500,0,0
2021-07-01 00:00:00,167.690642326229,168.568427254325,166.39978754484,167.552947998047,2176700,0,0
2021-07-02 00:00:00,168.21558133877,169.928119983111,167.570153983082,169.523651123047,1372800,0,0
2021-07-06 00:00:00,169.549429740531,171.872965081859,169.196593045807,171.795516967773,1583700,0,0
2021-07-07 00:00:00,171.726688373684,173.637154181686,170.977983796223,172.828216552734,1524300,0,0
2021-07-08 00:00:00,172.363496076997,174.230943845114,171.554571605009,172.750762939453,961900,0,0
2021-07-09 00:00:00,173.335927445616,173.71458017103,172.1311352568,173.594100952148,1192700,0,0
2021-07-12 00:00:00,173.714599767525,175.031270354995,173.017540413129,174.764495849609,1299900,0,0
2021-07-13 00:00:00,173.533836783283,174.936569289366,172.182749478152,172.449523925781,1219400,0,0
2021-07-14 00:00:00,172.819604506348,174.385834450979,172.243011281709,173.749008178711,1213400,0,0
2021-07-15 00:00:00,174.256742333663,174.910770499795,173.628517073678,173.981353759766,1086500,0,0
2021-07-16 00:00:00,174.600987334656,175.530404194002,174.024407206694,174.790313720703,734800,0,0
2021-07-19 00:00:00,173.860900878906,175.866029918377,172.354903856798,173.860900878906,1418600,0,0
2021-07-20 00:00:00,174.859151613414,176.089759926304,173.886703693962,174.936599731445,1173200,0,0
2021-07-21 00:00:00,174.833318099422,175.160325608842,172.681894160803,173.060546875,1900800,0,0
2021-07-22 00:00:00,164.308571297036,167.81109638091,162.99190066824,165.25520324707,3394300,0,0
2021-07-23 00:00:00,166.236229670512,167.509869014129,164.067590580703,166.477188110352,2226900,0,0
2021-07-26 00:00:00,166.055524280103,166.330899737926,163.516833325362,165.435913085938,1955700,0,0
2021-07-27 00:00:00,165.685478690038,167.50988220138,164.713030754038,167.432434082031,1477800,0,0
2021-07-28 00:00:00,167.673400169954,167.673400169954,165.15193720724,166.029708862305,961400,0,0
2021-07-29 00:00:00,166.855815329298,167.225867032566,164.024547528412,165.935012817383,1219900,0,0
2021-07-30 00:00:00,166.141603390109,167.75086471317,165.694103417619,166.167419433594,1802800,0,0
2021-08-02 00:00:00,166.786996941405,167.957372156803,165.831764132283,166.184600830078,1104900,0,0
2021-08-03 00:00:00,166.287874527452,167.759454448603,165.66826331131,167.613159179688,1038500,0,0
2021-08-04 00:00:00,168.069289171907,168.430726922061,165.926465583935,167.931594848633,1291800,0,0
2021-08-05 00:00:00,168.645829913998,168.671645952164,165.780131496306,167.346374511719,1121700,0,0
2021-08-06 00:00:00,166.270689539118,168.138124347417,166.107179183293,167.63899230957,1171300,0,0
2021-08-09 00:00:00,167.55290128109,168.052033233144,166.632098622022,167.139831542969,874700,0,0
2021-08-10 00:00:00,167.638954829973,167.81106611769,164.256909592275,164.342971801758,1090900,0,0
2021-08-11 00:00:00,165.10030649733,165.909231006146,164.368816980779,165.18635559082,910800,0,0
2021-08-12 00:00:00,165.513350193658,166.96771489625,164.816290929397,166.356704711914,652300,0,0
2021-08-13 00:00:00,166.950537018819,167.733658668707,166.227661556424,167.621780395508,778900,0,0
2021-08-16 00:00:00,167.811058849256,168.731874552095,166.86442711094,167.776641845703,1216400,0,0
2021-08-17 00:00:00,167.570157934482,170.100235329438,167.337800404205,169.394561767578,1100500,0,0
2021-08-18 00:00:00,169.119143246472,169.136345184153,166.941903186086,167.002136230469,1250800,0,0
2021-08-19 00:00:00,167.139834108202,170.745622948528,166.365326695931,170.315338134766,1055600,0,0
2021-08-20 00:00:00,170.005536708899,172.449551359447,169.34289440272,170.435821533203,1558000,0,0
2021-08-23 00:00:00,170.496058047877,171.012405100044,168.301615904295,168.637237548828,1336000,0,0
2021-08-24 00:00:00,168.766311446479,168.774912415569,165.487543241988,165.685470581055,1353900,0,0
2021-08-25 00:00:00,165.668270162837,165.728516345544,163.447998735046,163.766418457031,1404300,0,0
2021-08-26 00:00:00,164.033169084085,165.04863489115,163.034905214217,163.275863647461,1790300,0,0
2021-08-27 00:00:00,163.852440843953,164.609746267407,162.948853300626,164.342971801758,1437600,0,0
2021-08-30 00:00:00,164.394626633773,165.874807549304,164.093421990132,165.496154785156,1429500,0,0
2021-08-31 00:00:00,165.375687334781,167.759469219796,164.394638344716,167.544326782227,2023300,0,0
2021-09-01 00:00:00,167.699205828239,170.530487369657,167.346382246577,170.349761962891,1345300,0,0
2021-09-02 00:00:00,170.427196136515,170.823063926387,168.30160132609,170.306716918945,1454200,0,0
2021-09-03 00:00:00,169.971151214037,170.943599374388,167.415257635838,170.823120117188,1320700,0,0
2021-09-07 00:00:00,170.823079352339,170.823079352339,166.804220572545,168.275787353516,1472100,0,0
2021-09-08 00:00:00,166.950496353193,169.747347451893,166.459965395959,169.136337280273,1534700,0,0
2021-09-09 00:00:00,168.688854517771,168.921198852308,165.504749664622,165.625228881836,1516400,0,0
2021-09-10 00:00:00,164.239731841021,164.713034669128,161.434266226234,162.096908569336,2294500,0,0
2021-09-13 00:00:00,163.293106581069,164.437665899917,162.286241570786,163.361953735352,1812500,0,0
2021-09-14 00:00:00,164.54924596476,165.372566111937,163.405285862418,164.011932373047,1608200,1.33,0
2021-09-15 00:00:00,164.601228260481,165.112556840729,163.344600619464,163.491928100586,1845400,0,0
2021-09-16 00:00:00,163.223282525274,164.540581514483,161.801990771409,163.985931396484,1375700,0,0
2021-09-17 00:00:00,162.989297046838,164.523243204567,162.581974424462,163.396606445313,2503100,0,0
2021-09-20 00:00:00,162.477964377583,164.185249397081,160.554018956869,162.235305786133,1174100,0,0
2021-09-21 00:00:00,162.902594289049,164.245891180295,162.252613202049,162.737930297852,1053400,0,0
2021-09-22 00:00:00,163.101938614012,163.682586871158,162.191962333091,162.460632324219,978700,0,0
2021-09-23 00:00:00,162.451982768989,162.859305422764,158.86408668758,159.774063110352,1651800,0,0
2021-09-24 00:00:00,159.462040505726,160.207352745742,156.420133515379,157.789428710938,1622200,0,0
2021-09-27 00:00:00,156.749482422226,157.728791789713,153.343586837098,153.612243652344,2153600,0,0
2021-09-28 00:00:00,151.549599909719,153.213550058149,150.353643592227,151.714263916016,2823500,0,0
2021-09-29 00:00:00,152.346928414168,153.36957242806,151.402292198214,152.329605102539,1377800,0,0
2021-09-30 00:00:00,152.866896667906,153.152889955409,150.050311737412,150.206314086914,1701300,0,0
2021-10-01 00:00:00,150.648343086532,151.298324425338,149.348380408919,149.946365356445,1457400,0,0
2021-10-04 00:00:00,149.365708521497,151.298315890502,148.871716384396,150.501007080078,1462500,0,0
2021-10-05 00:00:00,150.622318294582,150.873638549359,148.325710035316,149.452346801758,1514400,0,0
2021-10-06 00:00:00,148.802338039858,151.272271523659,147.563047082851,151.090270996094,1250400,0,0
2021-10-07 00:00:00,151.670931654077,153.196229232795,149.573660707242,149.79899597168,947200,0,0
2021-10-08 00:00:00,149.70367228794,149.70367228794,146.869750599753,147.173080444336,971700,0,0
2021-10-11 00:00:00,146.930419737695,147.849070996119,145.812457826075,146.254440307617,1202900,0,0
2021-10-12 00:00:00,146.809064423426,148.41235648376,146.081088739081,147.849044799805,1478700,0,0
2021-10-13 00:00:00,146.748420834052,147.641060606616,144.131159550739,147.086410522461,2809700,0,0
2021-10-14 00:00:00,147.476381901925,149.01900270809,146.947730059998,148.438354492188,2173400,0,0
2021-10-15 00:00:00,148.811038806418,149.001687797364,145.049804114895,146.332443237305,2276400,0,0
2021-10-18 00:00:00,146.115791412274,146.393109871309,144.51249902706,145.431137084961,1812300,0,0
2021-10-19 00:00:00,147.68442132121,150.145680676308,146.887112511413,149.82502746582,2788000,0,0
2021-10-20 00:00:00,149.929009137835,151.818281633833,149.842339681142,151.662292480469,2364300,0,0
2021-10-21 00:00:00,150.058984498696,154.366194215272,148.655029368768,154.210205078125,2901600,0,0
2021-10-22 00:00:00,154.262199535081,155.952147952623,153.317563397057,155.232833862305,2834200,0,0
2021-10-25 00:00:00,154.90353695726,155.076862646592,152.849587205769,153.950225830078,1898100,0,0
2021-10-26 00:00:00,154.340182718612,156.480788297576,153.96753321829,156.064804077148,1519400,0,0
2021-10-27 00:00:00,157.512112204189,158.084098839025,154.210209794578,154.478866577148,2486000,0,0
2021-10-28 00:00:00,154.652179194358,157.919421482276,154.028196231575,157.64208984375,2031200,0,0
2021-10-29 00:00:00,156.463463419029,158.552072778998,155.284830353444,156.255477905273,2619700,0,0
2021-11-01 00:00:00,156.888123412316,157.616099162266,154.920843332518,157.304107666016,1738200,0,0
2021-11-02 00:00:00,157.728742307688,159.011367938048,155.648808138245,158.422058105469,1750700,0,0
2021-11-03 00:00:00,159.072081012494,160.103386714576,156.784147534963,158.526092529297,1334400,0,0
2021-11-04 00:00:00,158.7427324122,159.141393346944,156.350806475433,156.905456542969,1343000,0,0
2021-11-05 00:00:00,157.720108187966,158.569413245968,155.882819019516,156.108154296875,1373300,0,0
2021-11-08 00:00:00,156.49813430179,156.948791615135,153.534221757054,155.969482421875,1525100,0,0
2021-11-09 00:00:00,155.99549652697,157.373453572555,155.657506813451,156.732147216797,1719200,0,0
2021-11-10 00:00:00,156.732141561532,158.092762022383,155.579506625249,156.290145874023,1246600,0,0
2021-11-11 00:00:00,156.428823781007,156.836146429928,154.790871529098,156.567489624023,1323700,0,0
2021-11-12 00:00:00,157.018129646,157.312797860631,156.038833562237,156.671478271484,1080300,0,0
2021-11-15 00:00:00,156.576125204337,158.456735756379,155.752818387382,158.404739379883,1085700,0,0
2021-11-16 00:00:00,158.820752080723,159.687393774717,155.995504918908,156.177505493164,1453800,0,0
2021-11-17 00:00:00,156.177482888819,160.883340258631,155.882814705344,160.068695068359,2011600,0,0
2021-11-18 00:00:00,160.103376540959,160.25070402848,157.078792547306,158.881408691406,1285000,0,0
2021-11-19 00:00:00,160.02537395661,160.64935699696,158.387421781665,159.236740112305,1478500,0,0
2021-11-22 00:00:00,159.245405067753,159.5227367465,156.454817863891,157.694122314453,1369100,0,0
2021-11-23 00:00:00,157.174131060018,159.687386569641,157.174131060018,159.176071166992,1188900,0,0
2021-11-24 00:00:00,159.496738907816,161.854005482223,158.058123679534,161.767349243164,1035600,0,0
2021-11-26 00:00:00,160.961339349312,162.789953639317,158.673406072973,159.028732299805,807300,0,0
2021-11-29 00:00:00,159.028727710307,162.06197319797,157.555439689651,161.048004150391,1295100,0,0
2021-11-30 00:00:00,160.320023088792,161.515979420573,157.243442980013,157.425430297852,2658700,0,0
2021-12-01 00:00:00,157.728755076826,161.255992375742,156.402794622279,156.48078918457,1410800,0,0
2021-12-02 00:00:00,157.59878070269,162.503962122628,157.32144904242,160.883346557617,1761000,0,0
2021-12-03 00:00:00,161.21268972913,161.827997919265,158.768753833251,160.207382202148,1232700,0,0
2021-12-06 00:00:00,160.796658731537,163.907911779086,160.172689015042,162.772613525391,2042000,0,0
2021-12-07 00:00:00,163.994585134274,166.828506849422,163.630597251653,166.525177001953,1847900,0,0
2021-12-08 00:00:00,166.239184904457,167.937794900656,165.017217171419,166.005187988281,2298200,0,0
2021-12-09 00:00:00,165.615219691566,166.22186618379,163.647939501733,164.332580566406,1430600,0,0
2021-12-10 00:00:00,164.575252538633,167.721166122132,163.65661445805,167.44384765625,1642500,0,0
2021-12-13 00:00:00,167.261810562096,172.686981625942,167.261810562096,172.141006469727,1676900,0,0
2021-12-14 00:00:00,171.80051287516,171.992596636553,168.212058347315,170.16780090332,1629100,1.47,0
2021-12-15 00:00:00,171.136950565049,172.577578814381,169.966995494075,172.001327514648,1291400,0,0
2021-12-16 00:00:00,172.210886152336,175.467557475062,171.748142505508,175.031005859375,1631200,0,0
2021-12-17 00:00:00,175.257979701781,178.243990673887,174.446000222062,175.790573120117,3381400,0,0
2021-12-20 00:00:00,174.253930948538,176.925624496919,173.407019814247,176.480346679688,1096500,0,0
2021-12-21 00:00:00,177.196269847267,177.964604831384,172.490244714542,173.380813598633,1439500,0,0
2021-12-22 00:00:00,174.000714144524,174.480923522875,172.987924654952,174.253921508789,1165100,0,0
2021-12-23 00:00:00,174.306334286671,175.188163783137,173.014145192221,174.08805847168,1211000,0,0
2021-12-27 00:00:00,175.118288361719,178.91627870574,174.384871661101,178.767852783203,920600,0,0
2021-12-28 00:00:00,178.767887878893,180.592670447876,178.15671827714,180.121200561523,1156000,0,0
2021-12-29 00:00:00,179.894159505539,181.36970589782,178.715478296716,180.994277954102,849500,0,0
2021-12-30 00:00:00,181.605463867705,182.207907201558,180.479166612348,181.535614013672,735500,0,0
2021-12-31 00:00:00,181.867404105364,183.238169238453,181.203837129157,182.251571655273,739400,0,0
2022-01-03 00:00:00,182.478568982116,182.478568982116,177.920969207768,181.378463745117,1641800,0,0
2022-01-04 00:00:00,180.854608039709,181.823753187438,176.279542179014,176.497817993164,1896600,0,0
2022-01-05 00:00:00,173.52923831959,173.52923831959,164.029872481966,164.545013427734,3577200,0,0
2022-01-06 00:00:00,165.470543553758,168.72721517984,161.742388678216,168.072387695313,2592500,0,0
2022-01-07 00:00:00,168.238238936288,172.202121159362,166.989694572134,170.01936340332,2260900,0,0
2022-01-10 00:00:00,168.168401128975,168.168401128975,164.239436886815,166.474578857422,1937300,0,0
2022-01-11 00:00:00,166.719058279393,166.719058279393,162.379734181956,163.785430908203,2446600,0,0
2022-01-12 00:00:00,163.636987702506,166.553148971365,163.27028598509,165.383193969727,2051800,0,0
2022-01-13 00:00:00,165.470490741192,166.046728618561,163.078183631829,163.60205078125,1614900,0,0
2022-01-14 00:00:00,163.226643573701,163.540961264375,158.738893576169,160.781951904297,1639100,0,0
2022-01-18 00:00:00,158.904794444209,161.323294221818,158.284885263324,160.651000976563,1682700,0,0
2022-01-19 00:00:00,161.366933788319,163.095674329414,159.908839775012,159.943771362305,1981200,0,0
2022-01-20 00:00:00,160.162028821419,162.667830361752,158.31105458166,158.599166870117,1440700,0,0
2022-01-21 00:00:00,159.777874228395,161.541546297171,158.328519822148,159.123046875,1413100,0,0
2022-01-24 00:00:00,158.38092182464,160.764503253274,155.237758165696,160.310485839844,2102100,0,0
2022-01-25 00:00:00,158.581724107532,160.537466571892,156.966478004917,159.061920166016,1459800,0,0
2022-01-26 00:00:00,160.03981852222,161.01768983873,153.500270786818,154.451950073242,2469000,0,0
2022-01-27 00:00:00,154.975820241031,155.412371847344,148.49739600205,149.798324584961,2298700,0,0
2022-01-28 00:00:00,152.810504986776,157.839573937891,150.23485356199,157.752258300781,1934700,0,0
2022-01-31 00:00:00,156.896634148135,159.55087519755,156.067188816129,159.350051879883,2076200,0,0
2022-02-01 00:00:00,158.869847529469,159.646908763354,155.944946786169,157.656234741211,1460400,0,0
2022-02-02 00:00:00,158.459516574558,161.201060297453,158.110267274588,160.651000976563,1649300,0,0
2022-02-03 00:00:00,159.603250750851,160.327927928937,158.372172171605,158.625366210938,990100,0,0
2022-02-04 00:00:00,156.818058399677,159.559601776925,155.848913363508,157.420501708984,1095100,0,0
2022-02-07 00:00:00,157.630046976582,159.35880091696,157.193495373507,157.935638427734,1098700,0,0
2022-02-08 00:00:00,157.839590365929,158.258676158184,154.757537234616,154.967086791992,1840600,0,0
2022-02-09 00:00:00,156.529951092919,158.127731654417,155.910055240082,156.844268798828,2814900,0,0
2022-02-10 00:00:00,154.626570232197,156.180692743629,150.557906433731,151.09049987793,1877400,0,0
2022-02-11 00:00:00,151.256422750294,152.356528128648,146.393230901761,147.449691772461,2920000,0,0
2022-02-14 00:00:00,147.851277651273,148.322760791913,145.197050055158,146.31462097168,2146100,0,0
2022-02-15 00:00:00,147.71160496828,147.929880785994,143.974724034825,144.585906982422,2536400,0,0
2022-02-16 00:00:00,144.612049460794,144.908901273763,142.621375751187,143.773864746094,2050200,0,0
2022-02-17 00:00:00,144.035825326238,144.166785467562,142.403126726086,142.638854980469,3107000,0,0
2022-02-18 00:00:00,142.621405701248,143.922320875827,140.656923602456,141.739562988281,4020700,0,0
2022-02-22 00:00:00,141.70464764021,144.009639483994,139.958441294237,142.44677734375,2584500,0,0
2022-02-23 00:00:00,142.569018580215,143.817563109434,139.591746732457,139.635391235352,1920000,0,0
2022-02-24 00:00:00,137.697095971983,144.559686881304,137.216886601755,144.06201171875,2967200,0,0
2022-02-25 00:00:00,144.664456624433,146.489238929418,143.145252414866,146.31462097168,1676300,0,0
2022-02-28 00:00:00,145.511349434984,146.323328831624,143.67782780274,145.450225830078,3137900,0,0
2022-03-01 00:00:00,146.332086068984,147.860016506305,145.345475294829,146.690048217773,1985800,0,0
2022-03-02 00:00:00,146.943265869365,151.981074880069,146.943265869365,151.221466064453,3584700,0,0
2022-03-03 00:00:00,152.007282853438,154.425769290778,151.27386599014,153.526473999023,1846200,0,0
2022-03-04 00:00:00,152.496192279604,157.219683298683,152.382684612187,156.372772216797,1741900,0,0
2022-03-07 00:00:00,155.52584713047,156.381484370305,153.735983252936,154.347152709961,2091800,0,0
2022-03-08 00:00:00,153.500260899722,156.547395654181,151.771520412957,151.788986206055,1962300,0,0
2022-03-09 00:00:00,153.613765476351,154.652760323537,151.474665491114,151.885025024414,1238300,0,0
2022-03-10 00:00:00,150.217394600753,154.216208492786,148.785506015516,153.814575195313,1624500,0,0
2022-03-11 00:00:00,154.809921859192,156.460086327378,151.518319158472,151.596908569336,1179300,0,0
2022-03-14 00:00:00,152.116418278222,153.111453273361,150.320085589376,152.134033203125,1435000,1.47,0
2022-03-15 00:00:00,153.710220901801,154.643610344775,151.183023436059,152.125213623047,1855800,0,0
2022-03-16 00:00:00,152.996997762748,154.09769558838,149.879827432512,152.68879699707,1866400,0,0
2022-03-17 00:00:00,152.68877690564,155.982069203634,152.68877690564,155.788345336914,1411500,0,0
2022-03-18 00:00:00,158.368426291432,158.500504670823,153.771910581078,153.992050170898,3674600,0,0
2022-03-21 00:00:00,153.719050471049,155.515383275969,153.287572118672,154.185745239258,2036900,0,0
2022-03-22 00:00:00,154.176931494919,154.934212081823,152.759232260235,153.234741210938,1707100,0,0
2022-03-23 00:00:00,152.926545195715,154.335443729039,151.121398148721,152.706405639648,1206000,0,0
2022-03-24 00:00:00,152.318979200507,154.467543718378,151.579313413249,154.370681762695,1568700,0,0
2022-03-25 00:00:00,155.37451738225,156.616107874154,153.912787303962,156.369552612305,1422500,0,0
2022-03-28 00:00:00,156.977126735771,159.257769432996,156.950711062541,159.231353759766,1470200,0,0
2022-03-29 00:00:00,159.944592598012,162.084356033438,159.944592598012,161.908233642578,1441500,0,0
2022-03-30 00:00:00,161.08933846853,162.630315502299,160.155948815019,162.515838623047,1595700,0,0
2022-03-31 00:00:00,162.903243244762,165.254331683567,162.436548541718,162.551025390625,2602500,0,0
2022-04-01 00:00:00,162.947305096459,166.575200747822,161.080512489893,166.460723876953,1292800,0,0
2022-04-04 00:00:00,166.451944649516,167.297286581652,164.963798880849,166.504776000977,1216000,0,0
2022-04-05 00:00:00,166.33744535603,171.656024624177,165.905980419721,170.04460144043,2250300,0,0
2022-04-06 00:00:00,169.692379840237,174.914083615498,169.43701043311,173.971893310547,2160700,0,0
2022-04-07 00:00:00,173.188196618584,174.790819142745,172.193174895633,173.047317504883,2119200,0,0
2022-04-08 00:00:00,173.020895753202,175.054983165294,172.157938992236,174.368148803711,1258200,0,0
2022-04-11 00:00:00,174.244880241582,175.865104284585,172.096315845478,172.64225769043,1562200,0,0
2022-04-12 00:00:00,171.541519379252,172.413276725484,169.894880050397,170.907516479492,1240800,0,0
2022-04-13 00:00:00,170.801863016227,171.039617475517,168.618082597244,170.352783203125,1097500,0,0
2022-04-14 00:00:00,170.643374769984,170.863514329149,169.331351596565,169.665954589844,1099700,0,0
2022-04-18 00:00:00,169.481030291626,169.974140711896,167.244405038794,168.142578125,1120100,0,0
2022-04-19 00:00:00,168.873457917231,171.3478244178,168.468408651792,170.713821411133,1361800,0,0
2022-04-20 00:00:00,170.925139067648,174.870035725956,170.43202866489,174.288864135742,1440700,0,0
2022-04-21 00:00:00,175.327938434798,176.085219001336,172.932819128364,172.941619873047,1308400,0,0
2022-04-22 00:00:00,173.258626790519,173.258626790519,170.47607308693,170.951568603516,1840700,0,0
2022-04-25 00:00:00,171.603182494919,171.708845176966,167.74633336519,169.833251953125,1381300,0,0
2022-04-26 00:00:00,169.894899174409,171.16290511666,165.633000763373,166.090881347656,1915500,0,0
2022-04-27 00:00:00,166.249410327882,168.750192684217,165.016620641677,166.196578979492,1443200,0,0
2022-04-28 00:00:00,166.399093999627,169.340155337389,164.241728968903,169.128829956055,1603400,0,0
2022-04-29 00:00:00,168.477207872433,168.477207872433,162.779995045571,163.088195800781,1827700,0,0
2022-05-02 00:00:00,164.188913172745,164.43546843182,156.378351599091,159.222564697266,1612600,0,0
2022-05-03 00:00:00,160.279218886815,163.554896701985,159.337015095455,161.767364501953,1347900,0,0
2022-05-04 00:00:00,162.049124163984,163.123406240848,159.48669658214,162.41015625,1936200,0,0
2022-05-05 00:00:00,161.873013654013,162.876849453002,158.403612236171,159.90055847168,1393400,0,0
2022-05-06 00:00:00,158.667813884929,160.939656078203,157.716809238703,160.789962768555,1876900,0,0
2022-05-09 00:00:00,159.706815832535,159.794877015676,153.868724856288,154.432281494141,1934600,0,0
2022-05-10 00:00:00,155.726745518541,156.501627709719,148.858387880069,149.950271606445,1747000,0,0
2022-05-11 00:00:00,150.452187104084,152.671197714812,150.064739314056,150.311294555664,1593200,0,0
2022-05-12 00:00:00,150.390533810166,152.037186832762,149.060895723273,151.500045776367,1439800,0,0
2022-05-13 00:00:00,153.049840955028,155.453761430125,151.526478808593,155.409744262695,1855000,0,0
2022-05-16 00:00:00,155.083894779957,156.448762579479,154.185735154369,154.705261230469,1690600,0,0
2022-05-17 00:00:00,155.938049449191,156.11415840311,152.653571103523,155.682693481445,1675600,0,0
2022-05-18 00:00:00,155.823599261847,156.316709749229,153.877559549583,154.50276184082,1634200,0,0
2022-05-19 00:00:00,153.745480653519,158.086626512969,153.358032861549,157.073989868164,1751300,0,0
2022-05-20 00:00:00,158.412411854733,161.089316257171,157.02114174855,160.437698364258,1501800,0,0
2022-05-23 00:00:00,161.969883085773,163.50204580781,160.376074838193,163.088195800781,1384500,0,0
2022-05-24 00:00:00,162.991340658299,169.208079875887,162.084366717843,168.723770141602,1447400,0,0
2022-05-25 00:00:00,166.469547361052,168.618111737798,164.708430781588,167.464569091797,1606100,0,0
2022-05-26 00:00:00,168.186610931226,168.899860901082,164.144852144543,165.131072998047,1106600,0,0
2022-05-27 00:00:00,166.108501425662,170.784263405549,164.902140968639,170.291152954102,1326000,0,0
2022-05-31 00:00:00,167.649481699999,168.706148893966,165.624195073749,166.997863769531,2354900,0,0
2022-06-01 00:00:00,167.358876622449,167.358876622449,164.364984344494,165.624176025391,1056000,0,0
2022-06-02 00:00:00,162.295677393634,164.893321359594,155.083903687973,164.849304199219,2695500,0,0
2022-06-03 00:00:00,163.519671697982,164.303368038307,160.939642358752,161.177383422852,1775700,0,0
2022-06-06 00:00:00,162.295685506468,163.871892265237,160.957233232368,162.709548950195,1295600,0,0
2022-06-07 00:00:00,161.934665331964,163.827873730959,159.160912072831,163.748626708984,2158500,0,0
2022-06-08 00:00:00,161.81138845297,165.307205980642,161.74975635879,162.418975830078,1274900,0,0
2022-06-09 00:00:00,161.582438742288,163.634141075453,157.945728873174,158.174682617188,1381400,0,0
2022-06-10 00:00:00,155.929261506701,156.395956319219,151.913917908149,152.028381347656,1879100,0,0
2022-06-13 00:00:00,148.955252161047,151.191864434827,145.512265823665,146.207901000977,1733800,0,0
2022-06-14 00:00:00,146.145711050206,146.687650095439,139.651335421173,140.299880981445,3224600,1.47,0
2022-06-15 00:00:00,142.458766628792,144.90193216242,140.193283149991,142.369918823242,2949700,0,0
2022-06-16 00:00:00,139.109383016228,140.513094073274,136.550718450852,137.696792602539,2080700,0,0
2022-06-17 00:00:00,139.233748660831,141.250474042844,137.821158380349,138.727340698242,3134600,0,0
2022-06-21 00:00:00,139.491420830047,144.617630130857,139.482541471994,143.889129638672,2265300,0,0
2022-06-22 00:00:00,143.329401991867,152.36466969948,143.045099891248,149.3173828125,2495800,0,0
2022-06-23 00:00:00,150.001459338495,153.23532117385,149.628322998601,152.435745239258,1608100,0,0
2022-06-24 00:00:00,153.519635956212,156.069407934253,150.454576545389,155.465286254883,2245100,0,0
2022-06-27 00:00:00,155.05659389917,156.700183236877,153.652882766463,154.105987548828,1412700,0,0
2022-06-28 00:00:00,154.594613045412,154.718991829118,149.139691720738,149.779357910156,1976600,0,0
2022-06-29 00:00:00,147.176287572785,149.4328780234,144.9108042083,148.642181396484,1988000,0,0
2022-06-30 00:00:00,149.948168052981,151.351879285357,148.606652993686,149.592803955078,2245900,0,0
2022-07-01 00:00:00,149.015301859407,153.555147461563,148.651058448951,153.128707885742,1505700,0,0
2022-07-05 00:00:00,152.284720390798,152.506826331434,148.500026486357,152.391326904297,1525500,0,0
2022-07-06 00:00:00,153.510735698361,155.225400606351,152.400205997111,152.604553222656,1288100,0,0
2022-07-07 00:00:00,152.73780174236,154.292543226167,151.289666765152,152.489044189453,1176700,0,0
2022-07-08 00:00:00,151.698332683455,153.3330288861,150.809909065982,152.275802612305,1027300,0,0
2022-07-11 00:00:00,151.867143766159,153.297506411904,149.681615581153,153.039855957031,1720000,0,0
2022-07-12 00:00:00,152.115929830046,154.088231824577,151.040931026938,151.867172241211,1410800,0,0
2022-07-13 00:00:00,150.037000826994,153.270862596562,149.66386449469,151.84049987793,1023500,0,0
2022-07-14 00:00:00,149.539476007588,152.320232827448,149.352901075416,151.938217163086,1269600,0,0
2022-07-15 00:00:00,153.644006004996,155.571883922156,152.862188764389,154.052673339844,1558700,0,0
2022-07-18 00:00:00,154.212580895679,154.37249064785,150.685537872604,151.147521972656,1702200,0,0
2022-07-19 00:00:00,152.195880434078,154.24813726229,151.129774575349,154.168182373047,1580000,0,0
2022-07-20 00:00:00,153.715110124096,155.163231892509,151.387430240126,151.5029296875,1820300,0,0
2022-07-21 00:00:00,152.462404157475,155.234281989969,149.814905110895,153.706192016602,1563800,0,0
2022-07-22 00:00:00,154.425814472069,155.518571830364,151.822725974543,153.57292175293,1050800,0,0
2022-07-25 00:00:00,153.146471683664,153.395229218821,150.952064204315,152.364654541016,1116300,0,0
2022-07-26 00:00:00,152.240294358273,155.376429111601,152.000416149992,155.13655090332,1254700,0,0
2022-07-27 00:00:00,154.887804751987,155.545243255763,152.64898649728,154.177062988281,1081000,0,0
2022-07-28 00:00:00,155.305337180104,161.231121340541,155.04770028455,160.991256713867,1431800,0,0
2022-07-29 00:00:00,161.266684746527,161.879699310066,159.560912753703,160.502639770508,1482500,0,0
2022-08-01 00:00:00,160.005132611302,160.769177625415,158.201633372687,159.889633178711,1043100,0,0
2022-08-02 00:00:00,159.623104092243,161.382179437822,157.76630158545,158.00617980957,1581000,0,0
2022-08-03 00:00:00,158.610269788496,159.623072185781,157.517512517911,158.583618164063,901500,0,0
2022-08-04 00:00:00,158.645848001607,159.552030537247,157.517545954755,158.450393676758,1081800,0,0
2022-08-05 00:00:00,157.224342119475,158.530326033391,155.651828386262,158.494781494141,879800,0,0
2022-08-08 00:00:00,160.413770506886,162.030708041089,158.130528797965,159.241058349609,1246500,0,0
2022-08-09 00:00:00,159.37434037622,160.502642365668,158.885704588958,159.791900634766,988300,0,0
2022-08-10 00:00:00,162.048472706352,162.048472706352,159.472049474398,161.515426635742,1274200,0,0
2022-08-11 00:00:00,161.959641526309,161.959641526309,158.317098971921,158.921234130859,1315300,0,0
2022-08-12 00:00:00,159.889616520672,161.542085167114,159.063375419316,161.408813476563,1091000,0,0
2022-08-15 00:00:00,161.719770480305,164.287314517641,161.515436818169,163.594345092773,1314200,0,0
2022-08-16 00:00:00,162.528217070607,163.763125343887,161.417687560238,161.968505859375,779000,0,0
2022-08-17 00:00:00,160.298306398308,162.50160727452,160.209472148373,161.222274780273,789300,0,0
2022-08-18 00:00:00,161.71089320742,162.226180604191,159.552016466531,160.84912109375,771500,0,0
2022-08-19 00:00:00,160.413785752124,161.657587101934,159.321028365209,160.040649414063,980300,0,0
2022-08-22 00:00:00,159.027839186501,160.031762285853,156.824552249394,157.250991821289,999400,0,0
2022-08-23 00:00:00,156.957814919078,156.957814919078,153.501847236031,153.795028686523,1244400,0,0
2022-08-24 00:00:00,153.98159130561,155.962772220799,153.706168590814,155.331985473633,1241900,0,0
2022-08-25 00:00:00,156.140494536309,157.739660207253,154.141540836698,157.624160766602,1331200,0,0
2022-08-26 00:00:00,157.553052518464,158.121643132715,153.954933894971,154.061553955078,1384500,0,0
2022-08-29 00:00:00,153.226440224101,155.953893997932,152.14256220013,154.097091674805,1069800,0,0
2022-08-30 00:00:00,154.816725004382,154.816725004382,150.525636465298,151.183074951172,1043800,0,0
2022-08-31 00:00:00,152.178107054606,153.53740794321,151.360758783654,151.769439697266,2380800,0,0
2022-09-01 00:00:00,151.156430057938,152.879974459011,150.356854032579,152.808898925781,1497900,0,0
2022-09-02 00:00:00,153.830565083951,153.972716135787,148.713249224288,149.041961669922,1584800,0,0
2022-09-06 00:00:00,148.606643222978,152.515702267976,148.606643222978,150.347946166992,1610000,0,0
2022-09-07 00:00:00,151.094210626004,154.567936655957,150.587802658726,154.301406860352,1611000,0,0
2022-09-08 00:00:00,153.466326839401,155.109902679382,152.826660640794,154.790069580078,1629700,0,0
2022-09-09 00:00:00,154.772325739494,156.34482620228,153.341962790738,155.07438659668,1555900,0,0
2022-09-12 00:00:00,155.802886060433,157.943990790018,155.438642585111,157.099990844727,1273300,0,0
2022-09-13 00:00:00,154.559077088299,155.44750081655,149.557247160241,150.25910949707,1551500,0,0
2022-09-14 00:00:00,148.977516287822,150.438348178694,147.902063183707,149.219497680664,1574800,1.47,0
2022-09-15 00:00:00,149.085092530127,149.219519059228,143.627142971439,144.828079223633,1730900,0,0
2022-09-16 00:00:00,145.787017687968,146.745972494989,144.370999015294,146.279937744141,2378500,0,0
2022-09-19 00:00:00,145.195488390473,146.656320209888,143.340334269769,146.45915222168,1443700,0,0
2022-09-20 00:00:00,145.312005020079,145.39266092456,143.205898568884,144.595031738281,2107100,0,0
2022-09-21 00:00:00,145.733254366495,147.185115627177,141.888505086304,141.951232910156,1697100,0,0
2022-09-22 00:00:00,141.117725711472,142.533730425215,139.93471781376,140.786117553711,1786100,0,0
2022-09-23 00:00:00,139.459740742444,139.701722142669,136.170639841738,137.712127685547,1587300,0,0
2022-09-26 00:00:00,136.627685222322,137.523898327979,132.917363511909,135.113082885742,2134900,0,0
2022-09-27 00:00:00,135.937618785593,137.488077549506,132.549933804829,132.765029907227,1622500,0,0
2022-09-28 00:00:00,134.279624369584,135.247536259194,132.505126076197,134.494720458984,1958300,0,0
2022-09-29 00:00:00,133.240023787479,133.63435981009,128.490090772161,129.278762817383,2217300,0,0
2022-09-30 00:00:00,130.569320575658,131.107040361743,128.319816393875,129.547637939453,2517900,0,0
2022-10-03 00:00:00,131.133918165978,133.015957626046,129.305635633194,132.379653930664,1688200,0,0
2022-10-04 00:00:00,133.428231645941,136.851759114206,133.284834245404,134.754623413086,1724700,0,0
2022-10-05 00:00:00,132.78295554412,133.007008851798,128.516971813855,130.641006469727,1846500,0,0
2022-10-06 00:00:00,130.658899379226,130.658899379226,123.076944353625,123.408538818359,2627300,0,0
2022-10-07 00:00:00,122.306225375257,123.534033172333,119.626542789714,120.406257629395,2436700,0,0
2022-10-10 00:00:00,120.406249153928,121.947736955316,118.291185450287,118.864761352539,1854700,0,0
2022-10-11 00:00:00,118.425601026701,120.011902076755,115.961014948846,118.775123596191,2596000,0,0
2022-10-12 00:00:00,118.452498524545,118.452498524545,114.455388421709,115.638389587402,2759300,0,0
2022-10-13 00:00:00,113.236533149215,118.210512161578,111.865328087225,117.51146697998,2976100,0,0
2022-10-14 00:00:00,119.456262102755,119.904368742862,114.204458571256,114.401626586914,2449100,0,0
2022-10-17 00:00:00,116.409125957616,120.191146559282,115.961019380879,119.169464111328,2436000,0,0
2022-10-18 00:00:00,120.961902038412,121.705760668269,118.344961019891,119.536926269531,3189400,0,0
2022-10-19 00:00:00,118.058169368147,119.895409293291,116.79451905975,117.135070800781,2576800,0,0
2022-10-20 00:00:00,112.743633520474,116.149246724377,111.453084207406,113.639846801758,4425600,0,0
2022-10-21 00:00:00,114.455386045797,114.455386045797,110.144602775929,110.762985229492,5311200,0,0
2022-10-24 00:00:00,111.408259572307,113.057295399089,109.078106643489,109.741302490234,3355800,0,0
2022-10-25 00:00:00,111.7129767662,113.854925767554,110.70025147399,113.308235168457,5489800,0,0
2022-10-26 00:00:00,113.075215003231,115.943094437196,112.940781659046,114.993110656738,3500600,0,0
2022-10-27 00:00:00,116.059613734484,116.059613734484,113.24550472839,114.715293884277,3095200,0,0
2022-10-28 00:00:00,114.311992774779,119.72511431429,114.267179381173,118.748245239258,2973300,0,0
2022-10-31 00:00:00,117.242618327024,119.760975251173,116.283663631283,119.42936706543,3297200,0,0
2022-11-01 00:00:00,120.60342916793,121.616140887957,117.834119704861,118.533164978027,2768400,0,0
2022-11-02 00:00:00,117.941666394736,119.19635944516,115.261983917246,115.468109130859,2718500,0,0
2022-11-03 00:00:00,114.195479330573,116.767606726533,113.595018153734,115.898292541504,2224300,0,0
2022-11-04 00:00:00,116.63319192129,117.081298546725,114.312002883566,116.552536010742,2136500,0,0
2022-11-07 00:00:00,117.054406842125,117.56524125612,115.710087039333,116.364318847656,2454900,0,0
2022-11-08 00:00:00,116.283663540782,117.430815351066,115.629431729087,116.346405029297,2581600,0,0
2022-11-09 00:00:00,116.507726427906,117.726577036003,114.141723915144,114.401626586914,1558200,0,0
2022-11-10 00:00:00,119.796819631206,124.663264533162,118.900606410048,124.268928527832,3264000,0,0
2022-11-11 00:00:00,124.24204605186,127.056155083316,123.793939431086,125.891075134277,2717700,0,0
2022-11-14 00:00:00,125.514659526903,125.523616735724,121.060478895188,121.087364196777,2028100,0,0
2022-11-15 00:00:00,123.758092295433,124.358553570175,120.988796458525,121.885009765625,2057400,0,0
2022-11-16 00:00:00,121.73265233098,123.032158861216,121.033607061609,121.535484313965,2472500,0,0
2022-11-17 00:00:00,119.949174533914,121.06048385394,118.497313488094,119.752006530762,1950400,0,0
2022-11-18 00:00:00,120.612368748349,121.911875095696,119.9312516696,121.741592407227,1874300,0,0
2022-11-21 00:00:00,121.669906089837,124.976935175601,121.66094888037,124.672225952148,2105800,0,0
2022-11-22 00:00:00,124.967977966133,125.093447274326,123.345834169082,124.672225952148,2331500,0,0
2022-11-23 00:00:00,124.636372060749,126.150960830271,124.152409291092,125.57738494873,1273100,0,0
2022-11-25 00:00:00,126.688701041589,127.513215561121,125.864186522057,126.536346435547,1003500,0,0
2022-11-28 00:00:00,125.765610532921,126.599082314683,122.593007881068,123.247253417969,2629100,0,0
2022-11-29 00:00:00,123.31894886555,125.003820479133,122.960455359904,124.672225952148,1789500,0,0
2022-11-30 00:00:00,124.044887603617,126.903810252485,123.202444903622,126.751441955566,5632400,0,0
2022-12-01 00:00:00,128.579718426329,130.237718439245,126.213715950003,127.002388000488,1718700,0,0
2022-12-02 00:00:00,125.666998142076,126.294344557911,123.435422668113,125.622184753418,1734400,0,0
2022-12-05 00:00:00,124.09865910482,124.959016231107,122.763296339381,124.233085632324,2051200,0,0
2022-12-06 00:00:00,124.358542314004,124.55571031773,122.422732138984,123.023193359375,1691200,0,0
2022-12-07 00:00:00,122.422732826776,125.568436344595,122.422732826776,124.322700500488,1947500,0,0
2022-12-08 00:00:00,124.295813745985,125.765602880681,123.480256433255,124.761848449707,1914300,0,0
2022-12-09 00:00:00,124.860426127264,127.325012358952,124.475047350879,125.308532714844,2415400,0,0
2022-12-12 00:00:00,125.935887351766,126.249553778293,124.29581549408,126.124084472656,3033400,0,0
2022-12-13 00:00:00,130.542415774765,133.14142854053,128.57074950331,129.924026489258,2895400,0,0
2022-12-14 00:00:00,129.538988499671,129.874215603256,124.438252851662,124.556022644043,3730900,1.565,0
2022-12-15 00:00:00,123.323880129973,126.377088846928,122.861828236907,125.027153015137,2844800,0,0
2022-12-16 00:00:00,123.278571265106,124.021478921707,119.609293959562,122.100776672363,4387700,0,0
2022-12-19 00:00:00,121.702139893283,122.517528723775,119.627406501695,120.687431335449,1842100,0,0
2022-12-20 00:00:00,119.971687342295,121.792729751813,118.966033755101,121.231018066406,2315600,0,0
2022-12-21 00:00:00,122.689675640944,123.550366964351,121.203846399414,121.856163024902,2338300,0,0
2022-12-22 00:00:00,121.285388676799,123.305764855894,120.578714600718,122.852767944336,2563300,0,0
2022-12-23 00:00:00,122.472220674151,124.139259574294,122.26384599577,124.103012084961,978400,0,0
2022-12-27 00:00:00,123.976195499514,124.501673593064,122.164207793911,124.057731628418,1131400,0,0
2022-12-28 00:00:00,124.628500040543,125.525438844227,122.05548106705,122.182319641113,1317700,0,0
2022-12-29 00:00:00,123.197018230112,125.643198430914,122.055471156236,125.398590087891,1612400,0,0
2022-12-30 00:00:00,124.710027036924,125.009006616276,121.312550668416,122.888984680176,1401500,0,0
2023-01-03 00:00:00,124.03960533109,125.643204285321,122.879934458536,125.307991027832,1994700,0,0
2023-01-04 00:00:00,126.204944004434,130.870806725826,125.92408812743,129.874221801758,2150200,0,0
2023-01-05 00:00:00,128.469904204479,129.557093835428,126.956896445884,127.518608093262,2230500,0,0
2023-01-06 00:00:00,128.433673132642,132.655607460576,127.319304655309,132.012359619141,1923800,0,0
2023-01-09 00:00:00,132.555931121533,133.144835299323,131.677116159159,131.713363647461,2208600,0,0
2023-01-10 00:00:00,131.369090383271,133.344150071957,130.716773794039,133.271682739258,1555400,0,0
2023-01-11 00:00:00,134.911557800857,137.611415808748,134.612578148652,137.339614868164,2499900,0,0
2023-01-12 00:00:00,134.367916367203,137.720090116002,133.271671789512,137.031539916992,2337200,0,0
2023-01-13 00:00:00,135.808462541849,137.484556570145,135.201448366163,136.67822265625,1513900,0,0
2023-01-17 00:00:00,136.741612753189,137.258035761055,135.128945188151,136.179901123047,2245600,0,0
2023-01-18 00:00:00,136.805076402149,137.122179791107,131.23321954863,131.595611572266,2382300,0,0
2023-01-19 00:00:00,131.051985792579,133.670307084897,130.553700307121,131.586532592773,2135800,0,0
2023-01-20 00:00:00,131.224127223713,134.395105247018,129.122228979794,134.195785522461,2159900,0,0
2023-01-23 00:00:00,133.905889761304,133.960247178767,131.160729584444,131.169784545898,2038200,0,0
2023-01-24 00:00:00,131.051988933993,132.728082882392,130.916095402769,131.649948120117,1658300,0,0
2023-01-25 00:00:00,131.468763547385,132.882111692259,130.617127146149,131.794921875,1669700,0,0
2023-01-26 00:00:00,132.891162447297,134.521954033751,130.93422636792,134.204864501953,1608100,0,0
2023-01-27 00:00:00,134.041759662259,134.041759662259,131.070101553873,132.338500976563,1581400,0,0
2023-01-30 00:00:00,131.369091817958,134.059894321834,131.070112225931,131.142593383789,1767200,0,0
2023-01-31 00:00:00,131.233187441071,134.186721801758,130.888905425791,134.186721801758,3946300,0,0
2023-02-01 00:00:00,133.307918880292,136.071202563145,131.287556702887,135.092727661133,1801700,0,0
2023-02-02 00:00:00,136.687278892435,139.504920136823,136.034962256641,138.200286865234,1624600,0,0
2023-02-03 00:00:00,136.469843762768,136.469843762768,130.191299850874,132.247909545898,2617000,0,0
2023-02-06 00:00:00,130.300031393543,132.456287178091,129.122236720832,132.057647705078,1882000,0,0
2023-02-07 00:00:00,131.532171680184,131.985168574784,128.959152636708,131.432525634766,1478400,0,0
2023-02-08 00:00:00,130.743955955485,130.925151940757,128.995394652278,129.937622070313,1507500,0,0
2023-02-09 00:00:00,130.88894783611,131.495962127274,127.54582792895,127.745147705078,1654800,0,0
2023-02-10 00:00:00,126.920650460336,128.651101695354,126.241155204903,128.198104858398,1630100,0,0
2023-02-13 00:00:00,128.524257414773,129.421196088804,127.237748113992,128.415542602539,1605600,0,0
2023-02-14 00:00:00,127.745121856867,128.651115628901,125.788171991424,125.969367980957,1512000,0,0
2023-02-15 00:00:00,125.144921671575,127.011266593032,124.54696247605,126.956909179688,1831000,0,0
2023-02-16 00:00:00,124.999958487569,127.690761024434,124.33858692251,126.621681213379,1649200,0,0
2023-02-17 00:00:00,126.621679984968,127.78135086493,124.873118704407,127.455192565918,1659100,0,0
2023-02-21 00:00:00,126.050908273666,127.174331617359,122.961466429777,123.813102722168,1640900,0,0
2023-02-22 00:00:00,124.175512452204,124.528849493852,120.913942950307,121.602493286133,1727700,0,0
2023-02-23 00:00:00,122.50846237873,123.586597033422,120.913918532545,121.638702392578,1697400,0,0
2023-02-24 00:00:00,120.895819251624,120.895819251624,117.969463042724,118.830154418945,2045600,0,0